﻿{
	"الذكر عند الخروج من المنزلِ": 
	[
		{
			"ID": 1,
			"Text": "(بِسْمِ اللَّهِ، تَوَكَّلْتُ عَلَى اللَّهِ، وَلَاَ حَوْلَ وَلَا قُوَّةَ إِلاَّ بِاللَّهِ).", 
  		    "repeat": 1 
 		},
		{
			"ID": 2,
			"Text": "(اللَّهُمَّ إِنِّي أَعُوذُ بِكَ أَنْ أَضِلَّ، أَوْ أُضَلَّ، أَوْ أَزِلَّ، أَوْ أُزَلَّ، أَوْ أَظْلِمَ، أَوْ أُظْلَمَ، أَوْ أَجْهَلَ، أَوْ يُجْهَلَ عَلَيَّ).", 
  		    "repeat": 1 
 		}
	]
}