﻿{
	"ِفضل الصلاة على النبي صلى الله عليه و سلم": 
	[
		{
			"ID": 1,
			"Text": "قَالَ النَّبِيُّ صلى الله عليه وسلم: ((مَنْ صَلَّى عَلَيَّ صَلاَةً صَلَّى اللَّهُ عَلَيْهِ بِهَا عَشْراً)).", 
  		    "repeat": 1 
 		},
		{
			"ID": 2,
			"Text": "وَقَالَ صلى الله عليه وسلم: ((لاَ تَجْعَلُوا قَبْرِي عِيداً وَصَلُّوا عَلَيَّ؛ فَإِنَّ صَلاَتَكُم تَبْلُغُنِي حَيْثُ كُنْتُمْ)).", 
  		    "repeat": 1 
 		},
		{
			"ID": 3,
			"Text": "وَقَالَ صلى الله عليه وسلم: ((الْبَخِيلُ مَنْ ذُكِرْتُ عِنْدَهُ فَلَمْ يُصَلِّ عَلَيَّ)).", 
  		    "repeat": 1 
 		},
		{
			"ID": 4,
			"Text": "وَقَالَ صلى الله عليه وسلم:((إِنَّ لِلَّهِ مَلاَئِكَةً سَيَّاحِينَ فِي الْأَرْضِ يُبَلِّغُونِي مِنْ أُمَّتِي السَّلاَمَ)).", 
  		    "repeat": 1 
 		},
		{
			"ID": 5,
			"Text": "وَقَالَ صلى الله عليه وسلم: ((مَا مِنْ أَحَدٍ يُسَلِّمُ عَلَيَّ إِلاَّ رَدَّ اللَّهُ عَلَيَّ رُوحِيَ حَتَّى أَرُدَّ عَلَيْهِ السَّلاَمَ)).", 
  		    "repeat": 1 
 		}
	]
}