﻿{
	"ِإفشاء السلام": 
	[
		{
			"ID": 1,
			"Text": "قَالَ رَسُولُ اللَّهِ صلى الله عليه وسلم: ((لاَ تَدْخُلُوا الْجَنَّةَ حَتَّى تُؤْمِنُوا، وَلاَ تُؤْمِنُوا حَتَّى تَحَابُّوا، أَوَلاَ أَدُلُّكُم عَلَى شَيْءٍ إِذَا فَعَلْتُمُوهُ تَحَابَبْتُم، أَفْشُوا السَّلاَمَ بَيْنَكُمْ)).", 
  		    "repeat": 1 
 		},
		{
			"ID": 2,
			"Text": "((ثَلاَثٌ مَنْ جَمَعَهُنَّ فَقَدْ جَمَعَ الْإِيمَانَ: الْإِنْصَافُ مِنْ نَفْسِكَ، وَبَذْلُ السَّلاَمِ لِلْعَالَمِ، وَالْإِنْفَاقُ مِنَ الإِقْتَارِ)).", 
  		    "repeat": 1 
 		},
		{
			"ID": 3,
			"Text": "وَعَنْ عَبْدِ اللَّهِ بْنِ عُمَرَ رَضِيَ اللَّهُ عَنْهُمَا: أنَّ رَجُلاً سَأَلَ النَّبِيَّ صلى الله عليه وسلم أيُّ الْإِسْلاَمِ خَيْرٌ قَالَ: ((تُطْعِمُ الطَّعَامَ، وَتَقْرأُ السَّلاَمَ عَلَى مَنْ عَرَفْتَ وَمَنْ لَمْ تَعْرِفْ)).", 
  		    "repeat": 1 
 		}
	]
}