﻿{
	"الاستغفار و التوبةِ": 
	[
		{
			"ID": 1,
			"Text": "قَالَ رَسُولُ اللَّهِ صلى الله عليه وسلم: ((وَاللَّهِ إِنِّي لأَسْتَغفِرُ اللَّهَ وَأَتُوبُ إِلَيْهِ فِي الْيَوْمِ أَكْثَرَ مِنْ سَبْعِينَ مَرَّةٍ)).", 
  		    "repeat": 1 
 		},
		{
			"ID": 2,
			"Text": "وَقَالَ صلى الله عليه وسلم: ((يَا أَيُّهَا النَّاسُ تُوبُوا إِلَى اللَّهِ فَإِنِّي أَتُوبُ فِي الْيَوْمِ إِلَيْهِ مِائَةَ مَرَّةٍ)).", 
  		    "repeat": 1 
 		},
		{
			"ID": 3,
			"Text": "وَقَالَ صلى الله عليه وسلم: ((مَنْ قَالَ أَسْتَغْفِرُ اللَّهَ الْعَظيمَ الَّذِي لاَ إِلَهَ إِلاَّ هُوَ الْحَيُّ القَيّوُمُ وَأَتُوبُ إِلَيهِ، غَفَرَ اللَّهُ لَهُ وَإِنْ كَانَ فَرَّ مِنَ الزَّحْفِ)).", 
  		    "repeat": 1 
 		},
		{
			"ID": 4,
			"Text": "وَقَالَ صلى الله عليه وسلم: ((أَقْرَبُ مَا يَكُونُ الرَّبُّ مِنَ الْعَبْدِ فِي جَوْفِ اللَّيْلِ الآخِرِ فَإِنِ اسْتَطَعْتَ أَنْ تَكُونَ مِمَّنْ يَذْكُرُ اللَّهَ فِي تِلْكَ السَّاعَةِ فَكُنْ)).", 
  		    "repeat": 1 
 		},
		{
			"ID": 5,
			"Text": "وَقَالَ صلى الله عليه وسلم: ((أَقْرَبُ مَا يَكُونُ الْعَبْدُ مِنْ رَبِّهِ وَهُوَ سَاجِدٌ فَأَكثِرُوا الدُّعَاءَ)).", 
  		    "repeat": 1 
 		},
		{
			"ID": 6,
			"Text": "وَقَالَ صلى الله عليه وسلم: ((إِنَّهُ لَيُغَانُ عَلَى قَلْبِي وَإِنِّي لأَسْتَغْفِرُ اللَّهَ فِي الْيَوْمِ مِائَةَ مَرَّةٍ)).", 
  		    "repeat": 1 
 		}
	]
}