﻿{
	"ِفضل التسبيح و التحميد، و التهليل، و التكبير": 
	[
		{
			"ID": 1,
			"Text": "قَالَ صلى الله عليه وسلم مَنْ قَالَ: سُبْحَانَ اللَّهِ وَبِحَمْدِهِ فِي يَوْمٍ مِائَةَ مَرَّةٍ حُطَّتْ خَطَايَاهُ وَلَوْ كَانَتْ مِثْلَ زَبَدِ الْبَحْر)).", 
  		    "repeat": 1 
 		},
		{
			"ID": 2,
			"Text": "وَقَالَ صلى الله عليه وسلم: ((مَنْ قَالَ لاَ إِلَهَ إِلاَّ اللَّهُ وَحْدَهُ لاَ شَرِيكَ لَهُ، لَهُ الْمُلْكُ، وَلَهُ الْحَمْدُ، وَهُوَ عَلَى كُلِّ شَيْءٍ قَدِيرٌ عَشْرَ مِرَارٍ، كَانَ كَمَنْ أَعْتَقَ أَرْبَعَةَ أَنْفُسٍ مِنْ وَلَدِ إِسْمَاعِيلَ)).", 
  		    "repeat": 1 
 		},
		{
			"ID": 3,
			"Text": "وَقَالَ صلى الله عليه وسلم: ((كَلِمَتَانِ خَفِيفَتَانِ عَلَى اللِّسَانِ، ثَقِيلَتَانِ فِي الْمِيزَانِ، حَبِيبَتَانِ إِلَى الرَّحْمَنِ: سُبْحَانَ اللَّهِ وَبِحَمْدِهِ، سُبْحانَ اللَّهِ الْعَظِيمِ)).", 
  		    "repeat": 1 
 		},
		{
			"ID": 4,
			"Text": "وَقَالَ صلى الله عليه وسلم: ((لَأَنْ أَقُولَ سُبْحَانَ اللَّهِ، وَالْحَمْدُ لِلَّهِ، وَلاَ إِلَهَ إِلاَّ اللَّهُ، وَاللَّهُ أَكْبَرُ، أَحَبُّ إِلَيَّ مِمَّا طَلَعَتْ عَلَيْهِ الشَّمسُ)).", 
  		    "repeat": 1 
 		},
		{
			"ID": 5,
			"Text": "وَقَالَ صلى الله عليه وسلم: ((أَيَعْجِزُ أَحَدُكُم أَنْ يَكْسِبَ كُلَّ يَوْمٍ أَلْفَ حَسَنَةٍ)) فَسَأَلَهُ سَائِلٌ مِنْ جُلَسَائِهِ كَيْفَ يَكْسِبُ أَحَدُنَا أَلْفَ حَسَنَةٍ؟ قَالَ: ((يُسَبِّحُ مِائَةَ تَسْبِيحَةٍ، فَيُكتَبُ لَهُ أَلْفُ حَسَنَةٍ أَوْ يُحَطُّ عَنْهُ أَلْفُ خَطِيئَةٍ)).", 
  		    "repeat": 1 
 		},
		{
			"ID": 6,
			"Text": "((مَنْ قَالَ: سُبْحَانَ اللَّهِ الْعَظِيمِ وَبِحَمْدِهِ غُرِسَتْ لَهُ نَخْلَةٌ فِي الْجَنَّةِ)).", 
  		    "repeat": 1 
 		},
		{
			"ID": 7,
			"Text": "وَقَالَ صلى الله عليه وسلم: ((يَا عَبْدَ اللَّهِ بْنَ قَيْسٍ أَلاَ أَدُلُّكَ عَلَى كَنْزٍ مِنْ كُنُوزِ الْجَنَّةِ))؟ فَقُلْتُ: بَلَى يَا رَسُولَ اللَّهِ، قَالَ: ((قُلْ لاَ حَوْلَ وَلاَ قُوَّةَ إِلاَّ بِاللَّهِ)).", 
  		    "repeat": 1 
 		},
		{
			"ID": 8,
			"Text": "وَقَالَ صلى الله عليه وسلم: ((أَحَبُّ الْكَلاَمِ إِلَى اللَّهِ أَرْبَعٌ: سُبْحَانَ اللَّهِ، وَالْحَمْدُ لِلَّهِ، وَلاَ إِلَهَ إِلاَّ اللَّهُ، وَاللَّهُ أَكْبَرُ، لاَ يَضُرُّكَ بِأَيِّهِنَّ بَدَأتَ)).", 
  		    "repeat": 1 
 		},
		{
			"ID": 9,
			"Text": "جَاءَ أَعْرَابِيٌّ إِلَى رَسُولِ اللَّهِ صلى الله عليه وسلم فَقَالَ: عَلِّمْنِي كَلاماً أَقُولُهُ: قَالَ: ((قُلْ: لاَ إِلَهَ إِلاَّ اللَّهُ وَحْدَهُ لاَ شَرِيكَ لَهُ، اللَّهُ أَكْبَرُ كَبِيراً، وَالْحَمْدُ لِلَّهِ كَثِيراً، سُبْحَانَ اللَّهِ رَبِّ العَالَمِينَ، لاَ حَوْلَ وَلاَ قُوَّةَ إِلاَّ بِاللَّهِ الْعَزِيزِ الْحَكِيمِ)) قَالَ: فَهَؤُلاَءِ لِرَبِّي، فَمَا لِي؟ قَالَ: ((قُلْ: اللَّهُمَّ اغْفِرْ لِي، وَارْحَمْنِي، وَاهْدِنِي، وَارْزُقْنِي)).", 
  		    "repeat": 1 
 		},
		{
			"ID": 10,
			"Text": "كَانَ الرَّجُلُ إِذَا أَسْلَمَ عَلَّمَهُ النَّبيُّ صلى الله عليه وسلم الصَّلاَةَ ثُمَّ أَمَرَهُ أَنْ يَدْعُوَ بِهَؤُلاَءِ الْكَلِمَاتِ: ((اللَّهُمَّ اغْفِرِ لِي، وَارْحَمْنِي، وَاهْدِنِي، وَعَافِنِي وَارْزُقْنِي)).", 
  		    "repeat": 1 
 		},
		{
			"ID": 11,
			"Text": "((إِنَّ أَفْضَلَ الدُّعَاءِ الْحَمْدُ لِلَّهِ، وَأَفْضَلَ الذِّكْرِ لاَ إِلَهَ إِلاَّ اللَّهُ)).", 
  		    "repeat": 1 
 		},
		{
			"ID": 12,
			"Text": "((إِنَّ أَفْضَلَ الدُّعَاءِ الْحَمْدُ لِلَّهِ، وَأَفْضَلَ الذِّكْرِ لاَ إِلَهَ إِلاَّ اللَّهُ)).", 
  		    "repeat": 1 
 		}
	]
}