﻿{
  "ِأذكار الآذان": [
    {
      "ID": 1,
      "Text": " يَقُولُ مِثْلَ مَا يَقُولُ المُؤَذِّنُ إِلاَّ فِي ((حَيَّ عَلَى الصَّلَاةِ وَحَيَّ عَلَى الْفَلَاحِ)) فَيقُولُ: ((لاَ حَوْلَ وَلاَ قُوَّةَ إِلاَّ بِاللَّهِ)).",
      "repeat": 1
    },
    {
      "ID": 2,
      "Text": " يَقُولُ: ((وَأَنَا أَشْهَدُ أَنْ لاَ إِلَهَ إِلاَّ اللَّهُ وَحْدَهُ لاَ شَرِيكَ لَهُ وَأَنَّ مُحَمَّداً عَبْدُهُ وَرَسُولُهُ، رَضِيتُ بِاللَّهِ رَبَّاً، وَبِمُحَمَّدٍ رَسُولاً، وَبِالْإِسْلاَمِ دِينَاً)) ((يَقُولُ ذَلِكَ عَقِبَ تَشَهُّدِ الْمُؤَذِّنِ)).",
      "repeat": 1
    },
    {
      "ID": 3,
      "Text": " ((يُصَلِّي عَلَى النَّبِيِّ صلى الله عليه وسلم بَعْدَ فَرَاغِهِ مِنْ إِجَابَةِ الْمُؤَذِّنِ)).",
      "repeat": 1
    },
    {
      "ID": 4,
      "Text": "يَقُولُ: ((اللَّهُمَّ رَبَّ هَذِهِ الدَّعْوَةِ التَّامَّةِ، وَالصَّلاَةِ الْقَائِمَةِ، آتِ مُحَمَّداً الْوَسِيلَةَ وَالْفَضِيلَةَ، وَابْعَثْهُ مَقَامَاً مَحمُوداً الَّذِي وَعَدْتَهُ، [إِنَّكَ لَا تُخْلِفُ الْمِيعَادَ])).",
      "repeat": 1
    },
    {
      "ID": 5,
      "Text": "((يَدْعُو لِنَفسِهِ بَيْنَ الْأَذَانِ وَالْإِقَامَةِ فَإِنَّ الدُّعَاءَ حِينَئِذٍ لاَ يُرَدُّ)).",
      "repeat": 1
    }
  ]
}