﻿{
	"دعاء الاستفتاحِ": 
	[
		{
			"ID": 1,
			"Text": " ((اللَّهُمَّ بَاعِدْ بَيْنِي وَبَيْنَ خَطَايَايَ كَمَا بَاعَدْتَ بَيْنَ الْمَشْرِقِ وَالْمَغْرِبِ، اللَّهُمَّ نَقِّنِي مِنْ خَطَايَايَ كَمَا يُنَقَّى الثَّوْبُ الْأَبْيَضُ مِنَ الدَّنَسِ، اللَّهُمَّ اغْسِلْني مِنْ خَطَايَايَ، بِالثَّلْجِ وَالْماءِ وَالْبَرَدِ)).", 
  		    "repeat": 1 
 		},
		{
			"ID": 2,
			"Text": "((سُبْحانَكَ اللَّهُمَّ وَبِحَمْدِكَ، وَتَبارَكَ اسْمُكَ، وَتَعَالَى جَدُّكَ، وَلاَ إِلَهَ غَيْرُكَ)).", 
  		    "repeat": 1 
 		},
		{
			"ID": 3,
			"Text": "((وَجَّهْتُ وَجْهِيَ لِلَّذِي فَطَرَ السَّمَوَاتِ وَالأَرْضَ حَنِيفَاً وَمَا أَنَا مِنَ الْمُشْرِكِينَ، إِنَّ صَلاَتِي، وَنُسُكِي، وَمَحْيَايَ، وَمَمَاتِي لِلَّهِ رَبِّ الْعَالَمِينَ، لاَ شَرِيكَ لَهُ وَبِذَلِكَ أُمِرْتُ وَأَنَا مِنَ الْمُسْلِمِينَ. اللَّهُمَّ أَنْتَ المَلِكُ لاَ إِلَهَ إِلاَّ أَنْتَ، أَنْتَ رَبِّي وَأَنَا عَبْدُكَ، ظَلَمْتُ نَفْسِي وَاعْتَرَفْتُ بِذَنْبِي فَاغْفِرْ لِي ذُنُوبي جَمِيعَاً إِنَّهُ لاَ يَغْفِرُ الذُّنوبَ إِلاَّ أَنْتَ. وَاهْدِنِي لِأَحْسَنِ الأَخْلاقِ لاَ يَهْدِي لِأَحْسَنِها إِلاَّ أَنْتَ، وَاصْرِفْ عَنِّي سَيِّئَهَا، لاَ يَصْرِفُ عَنِّي سَيِّئَهَا إِلاَّ أَنْتَ، لَبَّيْكَ وَسَعْدَيْكَ، وَالخَيْرُ كُلُّهُ بِيَـــــــدَيْكَ، وَالشَّـــــرُّ لَيْسَ إِلَيْــــــكَ، أَنَا بِكَ وَإِلَيْكَ، تَبارَكْتَ وَتَعَالَيْتَ، أَسْتَغْفِرُكَ وَأَتوبُ إِلَيْكَ)).", 
  		    "repeat": 1 
 		},
		{
			"ID": 4,
			"Text": "((اللَّهُمَّ رَبَّ جِبْرَائِيلَ، وَمِيْكَائِيلَ، وَإِسْرَافِيلَ، فَاطِرَ السَّمَوَاتِ وَالأَرْضِ، عَالِمَ الغَيْبِ وَالشَّهَادَةِ أَنْتَ تَحْكُمُ بَيْنَ عِبَادِكَ فِيمَا كَانُوا فِيهِ يَخْتَلِفُونَ. اهْدِنِي لِمَا اخْتُلِفَ فِيهِ مِنَ الْحَقِّ بِإِذْنِكَ إِنَّكَ تَهْدِي مَنْ تَشَاءُ إِلَى صِرَاطٍ مُسْتَقيمٍ)).", 
  		    "repeat": 1 
 		},
		{
			"ID": 5,
			"Text": "((اللَّهُ أَكْبَرُ كَبِيرَاً، اللَّهُ أَكْبَرُ كَبِيراً، اللَّهُ أَكْبَرُ كَبِيراً، وَالْحَمْدُ لِلَّهِ كَثيراً، وَالْحَمْدُ لِلَّهِ كَثيراً، وَالْحَمْدُ لِلَّهِ كَثيراً، وَسُبْحَانَ اللَّهِ بُكْرَةً وَأَصِيلاً)) ثَلاثاً ((أَعُوذُ بِاللَّهِ مِنَ الشَّيْطَانِ: مِنْ نَفْخِهِ، وَنَفْثِهِ، وَهَمْزِهِ)).", 
  		    "repeat": 1 
 		},
		{
			"ID": 6,
			"Text": "((اللَّهُمَّ لَكَ الْحَمْدُ، أَنْتَ نُورُ السَّمَوَاتِ وَالأَرْضِ وَمَنْ فِيهِنَّ، وَلَكَ الْحَمْدُ أَنْتَ قَيِّمُ السَّمَوَاتِ وَالأَرْضِ وَمَنْ فِيهِنَّ، [وَلَكَ الْحَمْدُ أَنْتَ رَبُّ السَّمَواتِ وَالأَرْضِ وَمَنْ فِيهِنَّ] [وَلَكَ الْحَمْدُ لَكَ مُلْكُ السَّمَوَاتِ وَالأَرْضِ وَمَنْ فِيهِنَّ] [وَلَكَ الْحَمْدُ أَنْتَ مَلِكُ السَّمَوَاتِ وَالأَرْضِ] [وَلَكَ الْحَمْدُ] [أَنْتَ الْحَقُّ، وَوَعْدُكَ الْحَقُّ، وَقَوْلُكَ الْحَقُّ، وَلِقاؤُكَ الْحَقُّ، وَالْجَنَّةُ حَقٌّ، وَالنَّارُ حَقٌّ، وَالنَّبِيُّونَ حَقٌّ، وَمحَمَّدٌ صلى الله عليه وسلم حَقٌّ، وَالسّاعَةُ حَقٌّ] [اللَّهُمَّ لَكَ أَسْلَمتُ، وَعَلَيْكَ تَوَكَّلْتُ، وَبِكَ آمَنْتُ، وَإِلَيْكَ أَنَبْتُ، وَبِكَ خاصَمْتُ، وَإِلَيْكَ حاكَمْتُ. فَاغْفِرْ لِي مَا قَدَّمْتُ، وَمَا أَخَّرْتُ، وَمَا أَسْرَرْتُ، وَمَا أَعْلَنْتُ] [وَمَا أَنْتَ أَعْلَمُ بِهِ مِنِّي] [أَنْتَ المُقَدِّمُ، وَأَنْتَ المُؤَخِّرُ لاَ إِلَهَ إِلاَّ أَنْتَ] [أَنْتَ إِلَهِي لاَ إِلَهَ إِلاَّ أَنْتَ] [وَلاَ حَوْلَ وَلاَ قُوَّةَ إِلاَّ بِاللَّهِ])).", 
  		    "repeat": 1 
 		}
	]
}