﻿{
	"ِدعاء الركوع": 
	[
		{
			"ID": 1,
			"Text": "((سُبْحانَ رَبِّيَ الْعَظِيمِ)). ثلاث مرَّاتٍ.", 
  		    "repeat": 1 
 		},
		{
			"ID": 2,
			"Text": "((سُبْحَانَكَ اللَّهُمَّ رَبَّنَا وَبِحَمْدِكَ، اللَّهُمَّ اغْفِرْ لِي)).", 
  		    "repeat": 1 
 		},
		{
			"ID": 3,
			"Text": "((سُبُّوُحٌ، قُدُّوسٌ، رَبُّ المَلاَئِكَةِ وَالرُّوحِ)).", 
  		    "repeat": 1 
 		},
		{
			"ID": 4,
			"Text": "((اللَّهُمَّ لَكَ رَكَعْتُ، وَبِكَ آمَنْتُ، وَلَكَ أَسْلَمْتُ، خَشَعَ لَكَ سَمْعِي، وَبَصَرِي، وَمُخِّي، وَعَــــظْمِي، وَعَصَبِي، [وَمَا استَقَلَّتْ بِهِ قَدَمِي])).", 
  		    "repeat": 1 
 		},
		{
			"ID": 5,
			"Text": "((سُبْحَانَ ذِي الْجَبَرُوتِ، وَالْمَلَكُوتِ، وَالْكِبْرِيَاءِ، وَالْعَظَمَةِ)).", 
  		    "repeat": 1 
 		}
	]
}