﻿{
	"دعاء الرفع من الركوعِ": 
	[
		{
			"ID": 1,
			"Text": "((سَمِعَ اللَّهُ لِمَنْ حَمِدَهُ)).", 
  		    "repeat": 1 
 		},
		{
			"ID": 2,
			"Text": "((رَبَّنَا وَلَكَ الْحَمْدُ، حَمْداً كَثيراً طَيِّباً مُبارَكاً فِيهِ)).", 
  		    "repeat": 1 
 		},
		{
			"ID": 3,
			"Text": "((مِلْءَ السَّمَوَاتِ وَمِلْءَ الأَرْضِ، وَمَا بَيْنَهُمَا، وَمِلْءَ مَا شِئْتَ مِنْ شَيءٍ بَعْدُ. أَهلَ الثَّناءِ وَالْمَجْدِ، أَحَقُّ مَا قَالَ الْعَبْدُ، وَكُلُّنَا لَكَ عَبْدٌ. اللَّهُمَّ لاَ مَانِعَ لِمَا أَعْطَيْتَ، وَلاَ مُعْطِيَ لِمَا مَنَعْتَ، وَلاَ يَنْفَعُ ذَا الجَدِّ مِنْكَ الجَدُّ)).", 
  		    "repeat": 1 
 		}
	]
}