﻿{
	"دعاء السجودِ": 
	[
		{
			"ID": 1,
			"Text": "((سُبْحَانَ رَبِّيَ الأَعْلَى)) ثلاث مرَّاتٍ.", 
  		    "repeat": 1 
 		},
		{
			"ID": 2,
			"Text": "((سُبْحَانَكَ اللَّهُمَّ رَبَّنَا وَبِحَمْدِكَ، اللَّهُمَّ اغْفِرْ لِي)).", 
  		    "repeat": 1 
 		},
		{
			"ID": 3,
			"Text": "((سُبوحٌ، قُدُّوسٌ، رَبُّ الْمَلَائِكَةِ وَالرُّوحِ)).", 
  		    "repeat": 1 
 		},
		{
			"ID": 4,
			"Text": "((اللَّهُمَّ لَكَ سَجَدْتُ وَبِكَ آمَنْتُ، وَلَكَ أَسْلَمْتُ، سَجَدَ وَجْهِيَ لِلَّذِي خَلَقَهُ، وَصَوَّرَهُ، وَشَقَّ سَمْعَهُ وَبَصَرَهُ، تَبَارَكَ اللَّهُ أَحْسنُ الْخَالِقينَ)).", 
  		    "repeat": 1 
 		},
		{
			"ID": 5,
			"Text": "((سُبْحَانَ ذِي الْجَبَرُوتِ، وَالْمَلَكُوتِ، وَالْكِبْرِيَاءِ، وَالْعَظَمَةِ)).", 
  		    "repeat": 1 
 		},
		{
			"ID": 6,
			"Text": "((اللَّهُمَّ اغْفِرْ لِي ذَنْبِي كُلَّهُ: دِقَّهُ وَجِلَّهُ، وَأَوَّلَهُ وَآخِرَهُ، وَعَلاَنِيَّتَهُ وَسِرَّهُ)).", 
  		    "repeat": 1 
 		},
		{
			"ID": 7,
			"Text": "((اللَّهُمَّ إِنِّي أَعُوذُ بِرِضَاكَ مِنْ سَخَطِكَ، وَبِمُعَافَاتِكَ مِنْ عُقوبَتِكَ، وَأَعُوذُ بِكَ مِنْكَ، لاَ أُحْصِي ثَنَاءً عَلَيْكَ، أَنْتَ كَمَا أَثْنَيْتَ عَلَى نَفْسِكَ)).", 
  		    "repeat": 1 
 		}
	]
}