﻿{
	"دعاء سجود التلاوةِ": 
	[
		{
			"ID": 1,
			"Text": "((سَجَدَ وَجْهِيَ لِلَّذِي خَلَقَهُ، وَشَقَّ سَمْعَهُ وَبَصَرَهُ بِحَوْلِهِ وَقُوَّتِهِ، ﴿فَتَبارَكَ اللَّهُ أَحْسَنُ الْخَالِقِينَ﴾)).", 
  		    "repeat": 1 
 		},
		{
			"ID": 2,
			"Text": "((اللَّهُمَّ اكْتُبْ لِي بِهَا عِنْدَكَ أَجْراً، وَضَعْ عَنِّي بِهَا وِزْراً، وَاجْعَلْهَا لِي عِنْدَكَ ذُخْراً، وَتَقَبَّلْهَا مِنِّي كَمَا تَقَبَّلْتَهَا مِنْ عَبْدِكَ دَاوُدَ)).", 
  		    "repeat": 1 
 		}
	]
}