﻿{
	"الدعاء بعد التشهد الأخير قبل السلامِ": 
	[
		{
			"ID": 1,
			"Text": "((اللَّهُــمَّ إِنِّي أَعُوذُ بِكَ مِنْ عَذَابِ الْقَبْرِ، وَمِنْ عَذَابِ جَهَنَّمَ، وَمِنْ فِتْنَةِ الْمَحْيَا وَالْمَمَاتِ، وَمِنْ شَرِّ فِتْنَةِ الْمَسِيحِ الدَّجَّالِ)).", 
  		    "repeat": 1 
 		},
		{
			"ID": 2,
			"Text": "((اللَّهُمَّ إِنِّي أَعوذُ بِكَ مِنْ عَذَابِ الْقَبْرِ، وَأَعوذُ بِكَ مِنْ فِتْنَةِ الْمَسِيحِ الدَّجَّالِ، وَأَعوذُ بِكَ مِنْ فِتْنَةِ الْمَحْيَا وَالْمَمَاتِ. اللَّهُمَّ إِنِّي أَعوذُ بِكَ مِنَ الْمَأْثَمِ وَالْمَغْرَمِ)).", 
  		    "repeat": 1 
 		},
		{
			"ID": 3,
			"Text": "((اللَّهُمَّ إِنِّي ظَلَمْتُ نَفْسِي ظُلْماً كَثِيراً، وَلاَ يَغْفِرُ الذُّنوبَ إِلاَّ أَنْتَ، فَاغْفِرْ لِي مَغْفِرَةً مِنْ عِنْدِكَ وَارْحَمْنِي، إِنَّكَ أَنْتَ الغَفورُ الرَّحيمُ)).", 
  		    "repeat": 1 
 		},
		{
			"ID": 4,
			"Text": "((اللَّهُمَّ اغْفِرْ لِي مَا قَدَّمْتُ، وَمَا أَخَّرْتُ، وَمَا أَسْرَرْتُ، وَمَا أَعْلَنْتُ، وَمَا أَسْرَفْتُ، وَمَا أَنْتَ أَعْلَمُ بِهِ مِنِّي. أَنْتَ الْمُقَدِّمُ، وَأَنْتَ الْمُؤَخِّرُ لاَ إِلَهَ إِلاَّ أَنْتَ)).", 
  		    "repeat": 1 
 		},
		{
			"ID": 5,
			"Text": "((اللَّهُمَّ أَعِنِّي عَلَى ذِكْرِكَ، وَشُكْرِكَ، وَحُسْنِ عِبادَتِكَ)).", 
  		    "repeat": 1 
 		},
		{
			"ID": 6,
			"Text": "((اللَّهُمَّ إِنِّي أَعُوذُ بِكَ مِنَ الْبُخْلِ، وَأَعوذُ بِكَ مِنَ الْجُبْنِ، وَأَعُوذُ بِكَ مِنْ أَنْ أُرَدَّ إِلَى أَرْذَلِ الْعُمُرِ، وَأَعُوذُ بِكَ مِنْ فِتْنَةِ الدُّنْيَا وَعَذَابِ الْقَبْرِ)).", 
  		    "repeat": 1 
 		},
		{
			"ID": 7,
			"Text": "((اللَّهُمَّ إِنِّي أَسْأَلُكَ الْجَنَّةَ وَأَعُوذُ بِكَ مِنَ النَّارِ)).", 
  		    "repeat": 1 
 		},
		{
			"ID": 8,
			"Text": "((اللَّهُمَّ بِعِلْمِكَ الغَيْبَ وَقُدْرَتِكَ عَلَى الْخَلقِ أَحْيِنِي مَا عَلِمْتَ الْحَيَاةَ خَيْراً لِي، وَتَوَفَّنِي إِذَا عَلِمْتَ الْوَفَاةَ خَيْراً لِي، اللَّهُمَّ إِنِّي أَسْأَلُكَ خَشْيَتَكَ فِي الْغَيْبِ وَالشَّهَادَةِ، وَأَسْأَلُكَ كَلِمَةَ الْحَقِّ فِي الرِّضَا وَالْغَضَبِ، وَأَسْأَلُكَ الْقَصْدَ فِي الْغِنَى وَالْفَقْرِ، وَأَسْأَلُكَ نَعِيماً لاَ يَنْفَدُ، وَأَسْأَلُكَ قُرَّةَ عَيْنٍ لاَ تَنْقَطِعُ، وَأَسْأَلُكَ الرِّضَا بَعْدَ الْقَضَاءِ، وَأَسْــــأَلُكَ بَرْدَ الْعَيْشِ بَعْدَ الْمَوْتِ، وَأَسْأَلُكَ لَذَّةَ النَّظَرِ إِلَى وَجْهِكَ، وَالشَّوْقَ إِلَى لِقائِكَ فِي غَيرِ ضَرَّاءَ مُضِرَّةٍ، وَلاَ فِتْنَةٍ مُضِلَّةٍ، اللَّهُمَّ زَيِّنَا بِزِينَةِ الإِيمَانِ، وَاجْعَلْنَا هُدَاةً مُهْتَدِينَ)).", 
  		    "repeat": 1 
 		},
		{
			"ID": 9,
			"Text": "((اللَّهُمَّ إِنِّي أَسْأَلُكَ يَا أَللَّهُ بِأَنَّكَ الْوَاحِدُ الْأَحَدُ الصَّمَدُ الَّذِي لَمْ يَلِدْ وَلَمْ يولَدْ، وَلَمْ يَكنْ لَهُ كُفُواً أَحَدٌ، أَنْ تَغْفِرَ لِي ذُنُوبِي إِنَّكَ أَنْتَ الْغَفُورُ الرَّحِّيمُ)).", 
  		    "repeat": 1 
 		},
		{
			"ID": 10,
			"Text": "((اللَّهُمَّ إِنِّي أَسْأَلُكَ بِأَنَّ لَكَ الْحَمْدَ لَا إِلَهَ إِلاَّ أَنْتَ وَحْدَكَ لاَ شَرِيكَ لَكَ، الْمَنَّانُ، يَا بَدِيعَ السَّمَوَاتِ وَالْأَرْضِ يَا ذَا الْجَلاَلِ وَالْإِكْرَامِ، يَا حَيُّ يَا قَيُّومُ إِنِّي أَسْأَلُكَ الْجَنَّةَ وَأَعُوذُ بِكَ مِنَ النَّارِ)).", 
  		    "repeat": 1 
 		},
		{
			"ID": 11,
			"Text": "((اللَّهُمَّ إِنِّي أَسْأَلُكَ بِأَنَّي أَشْهَدُ أَنَّكَ أَنْتَ اللَّهُ لاَ إِلَهَ إِلاَّ أَنْتَ الْأَحَدُ الصَّمَدُ الَّذِي لَمْ يَلِدْ وَلَمْ يُولَدْ وَلَمْ يَكُنْ لَهُ كُفُواً أَحَدٌ)) .", 
  		    "repeat": 1 
 		}
	]
}