﻿{
	"ِالأذكار بعد السلام من الصلاة": 
	[
		{
			"ID": 1,
			"Text": "((أَسْتَغْفِرُ اللَّهَ (ثَلاَثَاً) اللَّهُمَّ أَنْتَ السَّلاَمُ، وَمِنْكَ السَّلاَمُ، تَبَارَكْتَ يَا ذَا الْجَلاَلِ وَالْإِكْرَامِ)).", 
  		    "repeat": 1 
 		},
		{
			"ID": 2,
			"Text": "((لاَ إِلَهَ إِلاَّ اللَّهُ وَحْدَهُ لاَ شَرِيكَ لَهُ، لَهُ الْمُلْكُ وَلَهُ الْحَمْدُ وَهُوَ عَلَى كُلِّ شَيْءٍ قَدِيرٌ [ثلاثاً]، اللَّهُمَّ لاَ مَانِعَ لِمَا أَعْطَيْتَ، وَلاَ مُعْطِيَ لِمَا مَنَعْتَ، وَلاَ يَنْفَعُ ذَا الْجَدِّ مِنْكَ الجَدُّ)).", 
  		    "repeat": 1 
 		},
		{
			"ID": 3,
			"Text": "((لَا إِلَهَ إِلاَّ اللَّهُ وَحْدَهُ لاَ شَرِيكَ لَهُ، لَهُ الْمُلْكُ، وَلَهُ الْحَمدُ، وَهُوَ عَلَى كُلِّ شَيْءٍ قَدِيرٌ. لاَ حَوْلَ وَلاَ قُوَّةَ إِلاَّ بِاللَّهِ، لاَ إِلَهَ إِلاَّ اللَّهُ، وَلاَ نَعْبُدُ إِلاَّ إِيَّاهُ, لَهُ النِّعْمَةُ وَلَهُ الْفَضْلُ وَلَهُ الثَّنَاءُ الْحَسَنُ، لَا إِلَهَ إِلاَّ اللَّهُ مُخْلِصِينَ لَهُ الدِّينَ وَلَوْ كَرِهَ الكَافِرُونَ)).", 
  		    "repeat": 1 
 		},
		{
			"ID": 4,
			"Text": "((سُبْحَانَ اللَّهِ، وَالْحَمْدُ لِلَّهِ، وَاللَّهُ أَكْبَرُ (ثلاثاً وثلاثين) لاَ إِلَهَ إِلاَّ اللَّهُ وَحْدَهُ لاَ شَرِيكَ لَهُ، لَهُ الْمُلْكُ وَلَهُ الْحَمْدُ وَهُوَ عَلَى كُلِّ شَيْءٍ قَدِيرٌ)).", 
  		    "repeat": 1 
 		},
		{
			"ID": 5,
			"Text": "بسم الله الرحمن الرحيم ﴿قُلْ هُوَ اللَّهُ أَحَدٌ* اللَّهُ الصَّمَدُ* لَمْ يَلِدْ وَلَمْ يُولَدْ* وَلَمْ يَكُن لَّهُ كُفُواً أَحَدٌ﴾، بسم الله الرحمن الرحيم ﴿قُلْ أَعُوذُ بِرَبِّ الْفَلَقِ* مِن شَرِّ مَا خَلَقَ* وَمِن شَرِّ غَاسِقٍ إِذَا وَقَبَ* وَمِن شَرِّ النَّفَّاثَاتِ فِي الْعُقَدِ* وَمِن شَرِّ حَاسِدٍ إِذَا حَسَدَ﴾،بسم الله الرحمن الرحيم ﴿قُلْ أَعُوذُ بِرَبِّ النَّاسِ* مَلِكِ النَّاسِ* إِلَهِ النَّاسِ* مِن شَرِّ الْوَسْوَاسِ الْخَنَّاسِ* الَّذِي يُوَسْوِسُ فِي صُدُورِ النَّاسِ* مِنَ الْجِنَّةِ وَ النَّاسِ﴾ بَعْدَ كُلِّ صَلاَةٍ.", 
  		    "repeat": 1 
 		},
		{
			"ID": 6,
			"Text": "﴿اللَّهُ لاَ إِلَهَ إِلاَّ هُوَ الْحَيُّ الْقَيُّومُ لاَ تَأْخُذُهُ سِنَةٌ وَلاَ نَوْمٌ لَّهُ مَا فِي السَّمَوَاتِ وَمَا فِي الأَرْضِ مَن ذَا الَّذِي يَشْفَعُ عِنْدَهُ إِلاَّ بِإِذْنِهِ يَعْلَمُ مَا بَيْنَ أَيْدِيهِمْ وَمَا خَلْفَهُمْ وَلاَ يُحِيطُونَ بِشَيْءٍ مِّنْ عِلْمِهِ إِلاَّ بِمَا شَاءَ وَسِعَ كُرْسِيُّهُ السَّمَوَاتِ وَالأَرْضَ وَلاَ يَؤُودُهُ حِفْظُهُمَا وَهُوَ الْعَلِيُّ الْعَظِيمُ﴾ عَقِبَ كلِّ صَلاَةٍ.", 
  		    "repeat": 1 
 		},
		{
			"ID": 7,
			"Text": "((لاَ إِلَهَ إِلاَّ اللَّهُ وَحْدَهُ لاَ شَرِيكَ لَهُ، لَهُ الْمُلْكُ وَلَهُ الْحَمْدُ يُحْيِي وَيُمِيتُ وَهُوَ عَلَى كُلِّ شَيْءٍ قَدِيرٌ)) عَشْرَ مَرّاتٍ بَعْدَ صَلاةِ الْمَغْرِبِ وَالصُّبْحِ.", 
  		    "repeat": 1 
 		},
		{
			"ID": 8,
			"Text": "((اللَّهُمَّ إِنِّي أَسْأَلُكَ عِلْماً نافِعاً، وَرِزْقاً طَيِّباً، وَعَمَلاً مُتَقَبَّلاً)) بَعْدَ السّلامِ مِنْ صَلاَةِ الفَجْرِ.", 
  		    "repeat": 1 
 		}
	]
}