﻿{
	"إذكار الصباح والمساء": 
	[
		{
			"ID": 1,
			"Text":"أَعُوذُ بِاللَّهِ مِنَ الشَّيطَانِ الرَّجِيمِ ﴿اللَّهُ لاَ إِلَهَ إِلاَّ هُوَ الْحَيُّ الْقَيُّومُ لاَ تَأْخُذُهُ سِنَةٌ وَلاَ نَوْمٌ لَّهُ مَا فِي السَّمَوَاتِ وَمَا فِي الأَرْضِ مَن ذَا الَّذِي يَشْفَعُ عِنْدَهُ إِلاَّ بِإِذْنِهِ يَعْلَمُ مَا بَيْنَ أَيْدِيهِمْ وَمَا خَلْفَهُمْ وَلاَ يُحِيطُونَ بِشَيْءٍ مِّنْ عِلْمِهِ إِلاَّ بِمَا شَاء وَسِعَ كُرْسِيُّهُ السَّمَوَاتِ وَالْأَرْضَ وَلاَ يَؤُودُهُ حِفْظُهُمَا وَهُوَ الْعَلِيُّ الْعَظِيمُ﴾.", 
  		    "repeat": 1 
 		},
		{
			"ID": 2,
			"Text": "بسم الله الرحمن الرحيم ﴿قُلْ هُوَ اللَّهُ أَحَدٌ* اللَّهُ الصَّمَدُ* لَمْ يَلِدْ وَلَمْ يُولَدْ* وَلَمْ يَكُن لَّهُ كُفُواً أَحَدٌ﴾.  بسم الله الرحمن الرحيم ﴿قُلْ أَعُوذُ بِرَبِّ الْفَلَقِ* مِن شَرِّ مَا خَلَقَ* وَمِن شَرِّ غَاسِقٍ إِذَا وَقَبَ* وَمِن شَرِّ النَّفَّاثَاتِ فِي الْعُقَدِ* وَمِن شَرِّ حَاسِدٍ إِذَا حَسَدَ﴾.  بسم الله الرحمن الرحيم ﴿قُلْ أَعُوذُ بِرَبِّ النَّاسِ* مَلِكِ النَّاسِ* إِلَهِ النَّاسِ* مِن شَرِّ الْوَسْوَاسِ الْخَنَّاسِ* الَّذِي يُوَسْوِسُ فِي صُدُورِ النَّاسِ* مِنَ الْجِنَّةِ وَ النَّاسِ﴾ (ثلاثَ مرَّاتٍ).", 
  		    "repeat": 1 
 		},
		{
			"ID": 3,
			"Text": "((أَصْبَحْنَا وَأَصْبَحَ الْمُلْكُ لِلَّهِ ، وَالْحَمْدُ لِلَّهِ، لاَ إِلَهَ إلاَّ اللَّهُ وَحْدَهُ لاَ شَرِيكَ لَهُ، لَهُ الْمُلْكُ وَلَهُ الْحَمْدُ وَهُوَ عَلَى كُلِّ شَيْءٍ قَدِيرٌ، رَبِّ أَسْأَلُكَ خَيْرَ مَا فِي هَذَا الْيَوْمِ وَخَيرَ مَا بَعْدَهُ ، وَأَعُوذُ بِكَ مِنْ شَرِّ مَا فِي  هَذَا الْيَوْمِ وَشَرِّ مَا بَعْدَهُ، رَبِّ أَعُوذُ بِكَ مِنَ الْكَسَلِ وَسُوءِ الْكِبَرِ، رَبِّ أَعُوذُ بِكَ مِنْ عَذَابٍ فِي النَّارِ وَعَذَابٍ فِي الْقَبْرِ)). [ وإذا أمسى قال: أمسينا وأمسى الملك للَّه] [وإذا أمسى قال: رب أسألك خير ما في هذه الليلة، وخير ما بعدها، وأعوذ بك من شر ما في هذه الليلة، وشر ما بعدها.]", 
  		    "repeat": 1 
 		},
		{
			"ID": 4,
			"Text": "((اللَّهُمَّ بِكَ أَصْبَحْنَا، وَبِكَ أَمْسَيْنَا ، وَبِكَ نَحْيَا، وَبِكَ نَمُوتُ وَإِلَيْكَ النُّشُورُ)). [وإذا أمسى قال: اللَّهم بك أمسينا، وبك أصبحنا، وبك نحيا، وبك نموت، وإليك المصير.]", 
  		    "repeat": 1 
 		},
		{
			"ID": 5,
			"Text": "((اللَّهُمَّ أَنْتَ رَبِّي لَا إِلَهَ إِلاَّ أَنْتَ، خَلَقْتَنِي وَأَنَا عَبْدُكَ، وَأَنَا عَلَى عَهْدِكَ وَوَعْدِكَ مَا اسْتَطَعْتُ، أَعُوذُ بِكَ مِنْ شَرِّ مَا صَنَعْتُ، أَبُوءُ لَكَ بِنِعْمَتِكَ عَلَيَّ، وَأَبُوءُ بِذَنْبِي فَاغْفِرْ لِي فَإِنَّهُ لاَ يَغْفِرُ الذُّنوبَ إِلاَّ أَنْتَ)).", 
  		    "repeat": 1 
 		},
		{
			"ID": 6,
			"Text": "((اللَّهُمَّ إِنِّي أَصْبَحْتُ أُشْهِدُكَ، وَأُشْهِدُ حَمَلَةَ عَرْشِكَ، وَمَلاَئِكَتِكَ، وَجَمِيعَ خَلْقِكَ، أَنَّكَ أَنْتَ اللَّهُ لَا إِلَهَ إِلاَّ أَنْتَ وَحْدَكَ لاَ شَرِيكَ لَكَ، وَأَنَّ مُحَمَّداً عَبْدُكَ وَرَسُولُكَ)) (أربعَ مَرَّاتٍ).[ وإذا أمسى قال: اللَّهم إني أمسيت...]", 
  		    "repeat": 1 
 		},
		{
			"ID": 7,
			"Text": "((اللَّهُمَّ مَا أَصْبَحَ بِي مِنْ نِعْمَةٍ أَوْ بِأَحَدٍ مِنْ خَلْقِكَ فَمِنْكَ وَحْدَكَ لاَ شَرِيكَ لَكَ، فَلَكَ الْحَمْدُ وَلَكَ الشُّكْرُ)). [وإذا أمسى قال: اللَّهم ما أمسى بي...]", 
  		    "repeat": 1 
 		},
		{
			"ID": 8,
			"Text": "((اللَّهُمَّ عَافِنِي فِي بَدَنِي، اللَّهُمَّ عَافِنِي فِي سَمْعِي، اللَّهُمَّ عَافِنِي فِي بَصَرِي، لاَ إِلَهَ إِلاَّ أَنْتَ. اللَّهُمَّ  إِنِّي أَعُوذُ بِكَ مِنَ الْكُفْرِ، وَالفَقْرِ، وَأَعُوذُ بِكَ مِنْ عَذَابِ القَبْرِ، لاَ إِلَهَ إِلاَّ أَنْتَ)) (ثلاثَ مرَّاتٍ).", 
  		    "repeat": 1 
 		},
		{
			"ID": 9,
			"Text": "((حَسْبِيَ اللَّهُ لاَ إِلَهَ إِلاَّ هُوَ عَلَيهِ تَوَكَّلتُ وَهُوَ رَبُّ الْعَرْشِ الْعَظِيمِ)) (سَبْعَ مَرّاتٍ).", 
  		    "repeat": 1 
 		},
		{
			"ID": 10,
			"Text": "((اللَّهُمَّ إِنِّي أَسْأَلُكَ الْعَفْوَ وَالْعَافِيَةَ فِي الدُّنْيَا وَالآخِرَةِ، اللَّهُمَّ إِنِّي أَسْأَلُكَ الْعَفْوَ وَالْعَافِيَةَ: فِي دِينِي وَدُنْيَايَ وَأَهْلِي، وَمَالِي، اللَّهُمَّ اسْتُرْ عَوْرَاتِي، وَآمِنْ رَوْعَاتِي، اللَّهُمَّ احْفَظْنِي مِنْ بَينِ يَدَيَّ، وَمِنْ خَلْفِي، وَعَنْ يَمِينِي، وَعَنْ شِمَالِي، وَمِنْ فَوْقِي، وَأَعُوذُ بِعَظَمَتِكَ أَنْ أُغْتَالَ مِنْ تَحْتِي)).", 
  		    "repeat": 1 
 		},
		{
			"ID": 11,
			"Text": "((اللَّهُمَّ عَالِمَ الغَيْبِ وَالشَّهَادَةِ فَاطِرَ السَّمَوَاتِ وَالْأَرْضِ، رَبَّ كُلِّ شَيْءٍ وَمَلِيكَهُ، أَشْهَدُ أَنْ لاَ إِلَهَ إِلاَّ أَنْتَ، أَعُوذُ بِكَ مِنْ شَرِّ نَفْسِي، وَمِنْ شَرِّ الشَّيْطانِ وَشَرَكِهِ، وَأَنْ أَقْتَرِفَ عَلَى  نَفْسِي سُوءاً، أَوْ أَجُرَّهُ إِلَى مُسْلِمٍ)).", 
  		    "repeat": 1 
 		},
		{
			"ID": 12,
			"Text": "((بِسْمِ اللَّهِ الَّذِي لاَ يَضُرُّ مَعَ اسْمِهِ شَيْءٌ فِي الْأَرْضِ وَلاَ فِي السّمَاءِ وَهُوَ السَّمِيعُ الْعَلِيمُ)) (ثلاثَ مرَّاتٍ).", 
  		    "repeat": 1 
 		},
		{
			"ID": 13,
			"Text": "((رَضِيتُ بِاللَّهِ رَبَّاً، وَبِالْإِسْلاَمِ دِيناً، وَبِمُحَمَّدٍ صلى الله عليه وسلم نَبِيّاً)) (ثلاثَ مرَّاتٍ).", 
  		    "repeat": 1 
 		},
		{
			"ID": 14,
			"Text": "((يَا حَيُّ يَا قَيُّومُ بِرَحْمَتِكَ أَسْتَغيثُ أَصْلِحْ لِي شَأْنِيَ كُلَّهُ وَلاَ تَكِلْنِي إِلَى نَفْسِي طَرْفَةَ عَيْنٍ)).", 
  		    "repeat": 1 
 		},
		{
			"ID": 15,
			"Text": "((أَصْبَحْنَا وَأَصْبَحَ الْمُلْكُ لِلَّهِ رَبِّ الْعَالَمِينَ، اللَّهُـمَّ إِنِّي أَسْأَلُكَ خَيْرَ هَذَا الْيَوْمِ:فَتْحَهُ، وَنَصْرَهُ، وَنورَهُ، وَبَرَكَتَهُ، وَهُدَاهُ، وَأَعُوذُ بِكَ مِنْ شَرِّ مَا فِيهِ وَشَرِّ مَا بَعْدَهُ)). [وإذا أمسى قال: أمسينا وأمسى الملك للَّه ربّ العالمين اللَّهم إني أسألك خير هذه الليلة: فتحها، ونصرها، ونورها، وبركتها، وهداها، وأعوذ بك من شر ما فيها، وشر ما بعدها.]", 
  		    "repeat": 1 
 		},
		{
			"ID": 16,
			"Text": "((أَصْبَحْنا عَلَى فِطْرَةِ الْإِسْلاَمِ، وَعَلَى كَلِمَةِ الْإِخْلاَصِ، وَعَلَى دِينِ نَبِيِّنَا مُحَمَّدٍ صلى الله عليه وسلم، وَعَلَى مِلَّةِ أَبِينَا إِبْرَاهِيمَ، حَنِيفاً مُسْلِماً وَمَا كَانَ مِنَ الْمُشرِكِينَ)). [وإذا أمسى قال: أمسينا على فطرة الإسلام...]", 
  		    "repeat": 1 
 		},
		{
			"ID": 17,
			"Text": "((سُبْحَانَ اللَّهِ وَبِحَمْدِهِ)) (مائة مرَّةٍ).", 
  		    "repeat": 1 
 		},
		{
			"ID": 18,
			"Text": "((لاَ إِلَهَ إِلاَّ اللَّهُ وَحْدَهُ لاَ شَرِيكَ لَهُ، لَهُ الْمُلْكُ وَلَهُ الْحَمْدُ، وَهُوَ عَلَى كُلِّ شَيْءٍ قَدِيرٌ)) (عشرَ مرَّات) ، أَوْ (مرَّةً واحدةً عندَ الكَسَلِ).", 
  		    "repeat": 1 
 		},
		{
			"ID": 19,
			"Text": "((لاَ إِلَهَ إِلاَّ اللَّهُ، وَحْدَهُ لاَ شَرِيكَ لَهُ، لَهُ الْمُلْكُ وَلَهُ الْحَمْدُ وَهُوَ عَلَى كُلِّ شَيْءٍ قَدِيرٌ)) (مائةَ مرَّةٍ إذا أصبحَ).", 
  		    "repeat": 1 
 		},
		{
			"ID": 20,
			"Text": "((سُبْحَانَ اللَّهِ وَبِحَمْدِهِ: عَدَدَ خَلْقِهِ، وَرِضَا نَفْسِهِ، وَزِنَةَ عَرْشِهِ، وَمِدَادَ كَلِمَاتِهِ)) (ثلاثَ مرَّاتٍ إذا أصبحَ).", 
  		    "repeat": 1 
 		},
		{
			"ID": 21,
			"Text": "((اللَّهُمَّ إِنِّي أَسْأَلُكَ عِلْماً نَافِعاً، وَرِزْقاً طَيِّباً، وَعَمَلاً مُتَقَبَّلاً)) (إذا أصبحَ).", 
  		    "repeat": 1 
 		},
		{
			"ID": 22,
			"Text": "((أَسْتَغْفِرُ اللَّهَ وَأَتُوبُ إِلَيْهِ)) (مِائَةَ مَرَّةٍ فِي الْيَوْمِ).", 
  		    "repeat": 1 
 		},
		{
			"ID": 23,
			"Text": "((أَعُوذُ بِكَلِمَاتِ اللَّهِ التَّامَّاتِ مِنْ شَرِّ مَا خَلَقَ)) (ثلاثَ مرَّاتٍ إذا أمسى).", 
  		    "repeat": 1 
 		},
		{
			"ID": 24,
			"Text": "((اللَّهُمَّ صَلِّ وَسَلِّمْ عَلَى نَبَيِّنَا مُحَمَّدٍ)) (عشرَ مرَّاتٍ).", 
  		    "repeat": 1 
 		}
	]
}