﻿{
	"ِما يفعل من رأى الرؤيا أو الحلم": 
	[
		{
			"ID": 1,
			"Text": "((يَنْفُثُ عَنْ يَسَارِهِ)) (ثلاثاً).", 
  		    "repeat": 1 
 		},
		{
			"ID": 2,
			"Text": "((يَسْتَعِيذُ بِاللَّهِ مِنَ الشَّيطَانِ وَمِنْ شَرِّ مَا رَأَى)) (ثَلاَثَ مَرَّاتٍ).", 
  		    "repeat": 1 
 		},
		{
			"ID": 3,
			"Text": "((لاَ يُحَدِّثْ بِهَا أَحَداً)).", 
  		    "repeat": 1 
 		},
		{
			"ID": 4,
			"Text": "((يَــتَحَوَّلُ عَنْ جَنْبِهِ الَّذِي كَانَ عَلَيْهِ)).", 
  		    "repeat": 1 
 		},
		{
			"ID": 5,
			"Text": "((يَقُومُ يُصَلِّي إِنْ أَرَادَ ذَلِكَ)).", 
  		    "repeat": 1 
 		}
	]
}