﻿{
	"ِدعاء قنوت الوتر": 
	[
		{
			"ID": 1,
			"Text": "((اللَّهُمَّ اهْدِنِي فِيمَنْ هَدَيْتَ، وَعَافِنِي فِيمَنْ عَافَيْتَ، وَتَوَلَّنِي فِيمَنْ تَوَلَّيْتَ، وَبَارِكْ لِي فِيمَا أَعْطَيْتَ، وَقِنِي شَرَّ مَا قَضَيْتَ؛ فَإِنَّكَ تَقْضِي وَلاَ يُقْضَى عَلَيْكَ، إِنَّهُ لاَ يَذِلُّ مَنْ وَالَيْتَ، [وَلاَ يَعِزُّ مَنْ عَادَيْتَ]، تَبارَكْتَ رَبَّنا وَتَعَالَيْتَ)).", 
  		    "repeat": 1 
 		},
		{
			"ID": 2,
			"Text": "((اللَّهُمَّ إِنِّي أَعُوذُ بِرِضَاكَ مِنْ سَخَطِكَ، وَبِمُعَافَاتِكَ مِنْ عُقُوبَتِكَ، وَأَعُــــوذُ بِكَ مِنْكَ، لاَ أُحْصِي ثَنَاءً عَلَيْكَ، أَنْتَ كَمَا أَثْنَيْتَ عَلَى نَفْسِكَ)).", 
  		    "repeat": 1 
 		},
		{
			"ID": 3,
			"Text": "((اللَّهُمَّ إِيَّاكَ نعْبُدُ، وَلَكَ نُصَلِّي وَنَسْجُدُ، وَإِلَيْكَ نَسْعَى وَنَحْفِدُ، نَرْجُو رَحْمَتَكَ، وَنَخْشَى عَذَابَكَ، إِنَّ عَذَابَكَ بِالكَافِرِينَ مُلْحَقٌ. اللَّهُمَّ إِنَّا نَسْتَعينُكَ، وَنَسْتَغْفِرُكَ، وَنُثْنِي عَلَيْكَ الْخَيْرَ، وَلاَ نَكْفُرُكَ، وَنُؤْمِنُ بِكَ، وَنَخْضَعُ لَكَ، وَنَخْلَعُ مَنْ يَكْفرُكَ)).", 
  		    "repeat": 1 
 		}
	]
}