﻿{
	"دعاء الكربِ": 
	[
		{
			"ID": 1,
			"Text": "((لاَ إِلَهَ إِلاَّ اللَّهُ الْعَظِيمُ الْحَلِيمُ، لاَ إِلَهَ إِلاَّ اللَّهُ رَبُّ الْعَرْشِ الْعَظِيمِ، لاَ إِلَهَ إِلاَّ اللَّهُ رَبُّ السَّمَوَاتِ وَرَبُّ الْأَرْضِ وَرَبُّ الْعَرْشِ الْكَرِيمِ)).", 
  		    "repeat": 1 
 		},
		{
			"ID": 2,
			"Text": "((اللَّهُمَّ رَحْمَتَكَ أَرْجُو، فَلاَ تَكِلْنِي إِلَى نَفْسِي طَرْفَةَ عَيْنٍ، وَأَصْلِحْ لِي شَأْنِي كُلَّهُ، لاَ إِلَهَ إِلاَّ أَنْتَ)).", 
  		    "repeat": 1 
 		},
		{
			"ID": 3,
			"Text": "((لاَ إِلَهَ إِلاَّ أَنْتَ سُبْحَانَكَ إِنِّي كُنْتُ مِنَ الظّالِمِينَ)).", 
  		    "repeat": 1 
 		},
		{
			"ID": 4,
			"Text": "((اللَّهُ اللَّهُ رَبِّي لاَ أُشْرِكُ بِهِ شَيْئاً)).", 
  		    "repeat": 1 
 		}
	]
}