﻿{
	"ِدعاء لقاء العدو و ذي السلطان": 
	[
		{
			"ID": 1,
			"Text": "((اللَّهُمَّ إِنَّا نَجْعَلُكَ فِي نُحُورِهِم، وَنَعُوذُ بِكَ مِنْ شُرُورِهِمْ)).", 
  		    "repeat": 1 
 		},
		{ 
			"ID": 2,
			"Text": "((اللَّهُمَّ أَنْتَ عَضُدِي، وَأَنْتَ نَصِيرِي، بِكَ أَحُولُ وَبِكَ أَصُولُ، وَبِكَ أُقاتِلُ)).", 
  		    "repeat": 1 
 		},
		{
			"ID": 3,
			"Text": "((حَسْبُنا اللَّهُ وَنِعْمَ الْوَكِيلُ)).", 
  		    "repeat": 1 
 		}
	]
}