﻿{
	"ِدعاء من خاف ظلم السلطان": 
	[
		{
			"ID": 1,
			"Text": "((اللَّهُمَّ ربَّ السَّمَوَاتِ السَّبْعِ، وَرَبَّ الْعَرْشِ الْعَظِيمِ، كُنْ لِي جَاراً مِنْ فُلاَنِ بْنِ فُلاَنٍ، وَأَحْزَابِهِ مِنْ خَلاَئِقِكَ، أَنْ يَفْرُطَ عَلَيَّ أَحَدٌ مِنْهُمْ أَوْ يَطْغَى، عَزَّ جَارُكَ، وَجَلَّ ثَنَاؤُكَ، وَلاَ إِلَهَ إِلاَّ أَنْتَ)).", 
  		    "repeat": 1 
 		},
		{
			"ID": 2,
			"Text": "((اللَّهُ أَكْبَرُ، اللَّهُ أَعَزُّ مِنْ خَلْقِهِ جَمِيعاً، اللَّهُ أَعَزُّ مِمَّا أَخَافُ وَأَحْذَرُ، أَعُوذُ بِاللَّهِ الَّذِي لاَ إِلَهَ إِلاَّ هُوَ، الْمُمْسِكِ السَّمَوَاتِ السَّبْعِ أَنْ يَقَعْنَ عَلَى الْأَرْضِ إِلاَّ بِإِذْنِهِ، مِنْ شَرِّ عَبْدِكَ فُلاَنٍ، وَجُنُودِهِ وَأَتْبَاعِهِ وَأَشْيَاعِهِ، مِنْ الْجِنِّ وَالإِنْسِ، اللَّهُمَّ كُنْ لِي جَاراً مِنْ شَرِّهِمْ، جَلَّ ثَنَاؤُكَ وَعَزَّ جَارُكَ، وَتَبَارَكَ اسْمُكَ، وَلاَ إِلَهَ غَيْرُكَ)) (ثلاثَ مرَّاتٍ).", 
  		    "repeat": 1 
 		}
	]
}