﻿{
	"ِدعاء من أصابه وسوسة في الإيمان": 
	[
		{
			"ID": 1,
			"Text": " ((يَسْتَعِيذُ بِاللَّهِ)).", 
  		    "repeat": 1 
 		},
		{
			"ID": 2,
			"Text": ". ((يَنْتَهِي عَمَّا وَسْوَسَ فِيهِ)).", 
  		    "repeat": 1 
 		},
		{
			"ID": 3,
			"Text": "((يَقُولُ: ((آمَنْتُ بِاللَّهِ وَرُسُلِهِ)).", 
  		    "repeat": 1 
 		},
		{
			"ID": 4,
			"Text": "((يَقْرَأُ قَوْلَهُ تَعَالَى: ﴿هُوَ الْأوَّلُ وَالْآخِرُ وَالظّاهِرُ وَالْباطِنُ وَهُوَ بِكُلِّ شَيْءٍ عَلِيمٌ﴾)).", 
  		    "repeat": 1 
 		}
	]
}