﻿{
	"ِدعاء قضاء الدين": 
	[
		{
			"ID": 1,
			"Text": "((اللَّهُمَّ اكْفِنِي بِحَلاَلِكَ عَنْ حَرَامِكَ، وَأَغْنِنِي بِفَضْلِكِ عَمَّنْ سِوَاكَ)).", 
  		    "repeat": 1 
 		},
		{
			"ID": 2,
			"Text": "((اللَّهُمَّ إِنِّي أَعُوذُ بِكَ مِنَ الْهَمِّ وَالْحَزَنِ، وَالْعَجْزِ وَالْكَسَلِ، وَالْبُخْلِ وَالْجُبْنِ، وَضَلَعِ الدَّيْنِ وَغَلَبَةِ الرِّجَالِ)).", 
  		    "repeat": 1 
 		}
	]
}