﻿{
	"ِدعاء المريض الذي يئس من حياته": 
	[
		{
			"ID": 1,
			"Text": "((اللَّهُمَّ اغْفِرْ لِي، وَارْحَمْنِي، وَأَلْحِقْنِي بِالرَّفِيقِ الْأَعْلَى)).", 
  		    "repeat": 1 
 		},
		{
			"ID": 2,
			"Text": "((جَعَلَ النَّبِيُّ صلى الله عليه وسلم عِنْدَ مَوْتِهِ يُدْخِلُ يَدَيْهِ فِي الْمَاءِ فَيَمْسَحُ بِهِمَا وَجْهَهُ، وَيَقُولُ: لاَ إِلَهَ إِلاَّ اللَّهُ إِنَّ لِلْمَوْتِ سَكَرَاتٍ)).", 
  		    "repeat": 1 
 		},
		{
			"ID": 3,
			"Text": "((لاَ إِلَهَ إِلاَّ اللَّهُ وَاللَّهُ أَكْبَرُ، لاَ إِلَهَ إِلاَّ اللَّهُ وَحْدَهُ، لاَ إِلَهَ إِلاَّ اللَّهُ وَحْدَهُ لاَ شَرِيكَ لَهُ، لاَ إِلَهَ إِلاَّ اللَّهُ لَهُ المُلْكُ وَلَهُ الْحَمْدُ، لاَ إِلَهَ إِلاَّ اللَّهُ وَلاَ حَوْلَ وَلاَ قُوَّةَ إِلاَّ بِاللَّهِ)).", 
  		    "repeat": 1 
 		}
	]
}