﻿{
	"ِالدعاء للميت في الصلاة عليه": 
	[
		{
			"ID": 1,
			"Text": "((اللَّهُمَّ اغْفِرْ لَهُ وَارْحَمْهُ، وَعَافِهِ، وَاعْفُ عَنْهُ، وَأَكْرِمْ نُزُلَهُ، وَوَسِّعْ مُدْخَلَهُ، وَاغْسِلْهُ بِالْمَاءِ وَالثَّلْجِ وَالْبَرَدِ، وَنَقِّهِ مِنَ الْخَطَايَا كَمَا نَقَّيْتَ الثَّوْبَ الأَبْيَضَ مِنَ الدَّنَسِ، وَأَبْدِلْهُ دَاراً خَيْراً مِنْ دَارِهِ، وَأَهْلاً خَيْراً مِنْ أَهْلِهِ، وَزَوْجَاً خَيْراً مِنْ زَوْجِهِ، وَأَدْخِلْهُ الْجَنَّةَ، وَأَعِذْهُ مِنْ عَذَابِ القَبْرِ [وَعَذَابِ النَّارِ])).", 
  		    "repeat": 1 
 		},
		{
			"ID": 2,
			"Text": "((اللَّهُمَّ اغْفِرْ لِحَيِّنَا وَمَيِّتِنَا، وَشَاهِدِنَا وَغَائِبِنَا، وَصَغِيرِنَا وَكَبيرِنَا، وَذَكَرِنَا وَأُنْثَانَا. اللَّهُمَّ مَنْ أَحْيَيْتَهُ مِنَّا فَأَحْيِهِ عَلَى الْإِسْلاَمِ، وَمَنْ تَوَفَّيْتَهُ مِنَّا فَتَوَفَّهُ عَلَى الإِيمَانِ، اللَّهُمَّ لاَ تَحْرِمْنَا أَجْرَهُ، وَلاَ تُضِلَّنَا بَعْدَهُ)).", 
  		    "repeat": 1 
 		},
		{
			"ID": 3,
			"Text": "((اللَّهُمَّ إِنَّ فُلاَنَ بْنَ فُلاَنٍ فِي ذِمَّتِكَ، وَحَبْلِ جِوَارِكَ، فَقِهِ مِنْ فِتْنَةِ الْقَبْرِ، وَعَذَابِ النَّارِ، وَأَنْتَ أَهْلُ الْوَفَاءِ وَالْحَقِّ، فَاغْفِرْ لَهُ وَارْحَمْهُ إِنَّكَ أَنْتَ الغَفُورُ الرَّحيمُ)).", 
  		    "repeat": 1 
 		},
		{
			"ID": 4,
			"Text": "((اللَّهُمَّ عَبْدُكَ وَابْنُ أَمَتِكَ احْتَاجَ إِلَى رَحْمَتِكَ، وَأَنْتَ غَنِيٌّ عَنْ عَذَابِهِ، إِنْ كَانَ مُحْسِناً فَزِدْ فِي حَسَنَاتِهِ، وَإِنْ كَانَ مُسِيئاً فَتَجَاوَزْ عَنْهُ)).", 
  		    "repeat": 1 
 		}
	]
}