﻿{
	"ِالدعاء للفرط في الصلاة عليه": 
	[
		{
			"ID": 1,
			"Text": "الدعاء للفرط في الصلاة عليه", 
  		    "repeat": 1 
 		},
		{
			"ID": 2,
			"Text": "وإن قال: ((اللَّهُمَّ اجْعَلْهُ فَرَطاً وَذُخْراً لِوَالِدَيْهِ، وَشَفِيعاً مُجَاباً، اللَّهُمَّ ثَقِّلْ بِهِ مَوَازِينَهُمَا، وَأَعْظِمْ بِهِ أُجورَهُمَا، وَأَلْحِقْهُ بِصَالِحِ الْمُؤْمِنِينَ، وَاجْعَلْهُ فِي كَفَالَةِ إِبْرَاهِيمَ، وَقِهِ بِرَحْمَتِكَ عَذَابَ الْجَحِيمِ، وَأَبْدِلْهُ دَاراً خَيْراً مِنْ دَارِهِ، وَأَهْلاً خَيْراً مِنْ أَهْلِهِ، اللَّهُمَّ اغْفِرْ لِأَسْلاَفِنَا، وَأَفْرَاطِنَا، وَمَنْ سَبَقَنَا بِالْإِيمَانِ)) فَحَسَنٌ.", 
  		    "repeat": 1 
 		},
		{
			"ID": 3,
			"Text": "((اللَّهُمَّ اجْعَلْهُ لَنَا فَرَطاً، وَسَلَفاً، وَأَجْراً)).", 
  		    "repeat": 1 
 		}
	]
}