﻿{
	"دعاء الريحِ": 
	[
		{
			"ID": 1,
			"Text": "((اللَّهُمَّ إِنِّي أَسْــــــأَلُكَ خَيْرَهَا، وَأَعُوذُ بِكَ مِنْ شَرِّهَا)).", 
  		    "repeat": 1 
 		},
		{
			"ID": 2,
			"Text": "((اللَّهُمَّ إِنِّي أَسْأَلُكَ خَيْرَهَا، وَخَيْرَ مَا فِيهَا، وَخَيْرَ مَا أُرْسِلَتْ بِهِ، وَأَعُوذُ بِكَ مِنْ شَرِّهَا، وَشَرِّ مَا فِيهَا، وَشَرِّ مَا أُرْسِلَتْ بِهِ)).", 
  		    "repeat": 1 
 		}
	]
}