﻿{
	"ِمن أدعية الاستسقاء": 
	[
		{
			"ID": 1,
			"Text": "((اللَّهُمَّ اسْقِنَا غَيْثاً مُغِيثاً مَرِيئاً مَرِيعاً، نَافِعاً غَيْرَ ضَارٍّ، عَاجِلاً غَيْرَ آجِلٍ)).", 
  		    "repeat": 1 
 		},
		{
			"ID": 2,
			"Text": "((اللَّهُمَّ أَغِثْنَا، اللَّهُمَّ أَغِثْنَا، اللَّهُمَّ أَغِثْنَا)).", 
  		    "repeat": 1 
 		},
		{
			"ID": 3,
			"Text": "((اللَّهُمَّ اسْقِ عِبَادَكَ، وَبَهَائِمَكَ، وَانْشُرْ رَحْمَتَكَ، وَأَحْيِي بَلَدَكَ الْمَيِّتَ)).", 
  		    "repeat": 1 
 		}
	]
}