﻿{
	"ِالدعاء عند إفطار الصائم": 
	[
		{
			"ID": 1,
			"Text": "((ذَهَبَ الظَّمَأُ وَابْتَلَّتِ العُرُوقُ، وَثَبَتَ الْأَجْرُ إِنْ شَاءَ اللَّهُ)).", 
  		    "repeat": 1 
 		},
		{
			"ID": 2,
			"Text": "((اللَّهُمَّ إِنِّي أَسْأَلُكَ بِرَحْمَتِكَ الَّتِي وَسِعَتْ كُلَّ شَيْءٍ أَنْ تَغْفِرَ لِي)).", 
  		    "repeat": 1 
 		}
	]
}