﻿{
	"الدعاء قبل الطعامِ": 
	[
		{
			"ID": 1,
			"Text": "((إِذَا أَكَلَ أَحَدُكُمْ طَعَاماً فَلْيَقُلْ بِسْمِ اللَّهِ، فَإِنْ نَسِيَ فِي أَوَّلِهِ فَلْيَقُلْ بسمِ اللَّهِ فِي أَوَّلِهِ وَآخِرِهِ)).", 
  		    "repeat": 1 
 		},
		{
			"ID": 2,
			"Text": "((مَنْ أَطْعَمَهُ اللَّهُ الطَّعَامَ فَلْيَقُلْ: اللَّهُمَّ بَارِكْ لَنَا فِيهِ وَأَطْعِمْنَا خَيْراً مِنْهُ، وَمَنْ سَقَاهُ اللَّهُ لَبَناً فَلْيَقُلْ اللَّهُمَّ بَارِكْ لَنَا فِيهِ وَزِدْنَا مِنْهُ)).", 
  		    "repeat": 1 
 		}
	]
}