﻿{
	"الدعاء عند الفراغ من الطعامِ": 
	[
		{
			"ID": 1,
			"Text": " ((الْحَمْدُ لِلَّهِ الَّذِي أَطْعَمَنِي هَذَا، وَرَزَقَنِيهِ، مِنْ غَيْرِ حَوْلٍ مِنِّي وَلاَ قُوَّةٍ)).", 
  		    "repeat": 1 
 		},
		{
			"ID": 2,
			"Text": "((الْحَمْدُ لِلَّهِ حَمْداً كَثِيراً طَيِّباً مُبَارَكاً فِيهِ، غَيْرَ [مَكْفِيٍّ وَلاَ ] مُوَدَّعٍ، وَلاَ مُسْتَغْنَىً عَنْهُ رَبَّنَا)).", 
  		    "repeat": 1 
 		}
	]
}