﻿{
	"الذكر بعد الفراغ من الوضوء": 
	[
		{
			"ID": 1,
			"Text": "(أَشْهَدُ أَنْ لاَ إِلَهَ إِلاَّ اللَّهُ وَحْدَهُ لاَ شَرِيكَ لَهُ وَأَشْهَدُ أَنَّ مُحَمَّداً عَبْدُهُ وَرَسُولُهُ..).", 
  		    "repeat": 1 
 		},
		{
			"ID": 2,
			"Text": "(اللَّهُمَّ اجْعَلْنِي مِنَ التَّوَّابِينَ وَاجْعَلْنِي مِنَ الْمُتَطَهِّرِينَ)", 
  		    "repeat": 1 
 		},
		{
			"ID": 3,
			"Text": "(سُبْحانَكَ اللَّهُمَّ وَبِحَمْدِكَ، أَشْهَدُ أَنْ لاَ إِلَهَ إِلاَّ أَنْتَ، أَسْتَغْفِرُكَ وَأَتوبُ إِلَيْكَ).", 
  		    "repeat": 1 
 		}
	]
}