﻿{
  "ar": [
    {
      "ID": 27,
      "Title": "أذكار الصباح والمساء",
      "Audio_URL": "http://server12.mp3quran.net/hm/ar_7esn_AlMoslem_by_Doors_028.mp3",
      "Text": "http://www.mp3quran.net/api/husn/ar/27.json"
    },
    {
      "ID": 28,
      "Title": "أذكار النوم",
      "Audio_URL": "http://server12.mp3quran.net/hm/ar_7esn_AlMoslem_by_Doors_029.mp3",
      "Text": "http://www.mp3quran.net/api/husn/ar/28.json"
    },
    {
      "ID": 1,
      "Title": "أذكار الاستيقاظ من النوم",
      "Audio_URL": "http://server12.mp3quran.net/hm/ar_7esn_AlMoslem_by_Doors_002.mp3",
      "Text": "http://www.mp3quran.net/api/husn/ar/1.json"
    },
    {
      "ID": 6,
      "Title": "دعاء دخول الخلاء",
      "Audio_URL": "http://server12.mp3quran.net/hm/ar_7esn_AlMoslem_by_Doors_007.mp3",
      "Text": "http://www.mp3quran.net/api/husn/ar/6.json"
    },
    {
      "ID": 7,
      "Title": "دعاء الخروج من الخلاء",
      "Audio_URL": "http://server12.mp3quran.net/hm/ar_7esn_AlMoslem_by_Doors_008.mp3",
      "Text": "http://www.mp3quran.net/api/husn/ar/7.json"
    },
    {
      "ID": 8,
      "Title": "الذكر قبل الوضوء",
      "Audio_URL": "http://server12.mp3quran.net/hm/ar_7esn_AlMoslem_by_Doors_009.mp3",
      "Text": "http://www.mp3quran.net/api/husn/ar/8.json"
    },
    {
      "ID": 9,
      "Title": "الذكر بعد الفراغ من الوضوء",
      "Audio_URL": "http://server12.mp3quran.net/hm/ar_7esn_AlMoslem_by_Doors_010.mp3",
      "Text": "http://www.mp3quran.net/api/husn/ar/9.json"
    },
    {
      "ID": 10,
      "Title": "الذكر عند الخروج من المنزل",
      "Audio_URL": "http://server12.mp3quran.net/hm/ar_7esn_AlMoslem_by_Doors_011.mp3",
      "Text": "http://www.mp3quran.net/api/husn/ar/10.json"
    },
    {
      "ID": 11,
      "Title": "الذكر عند دخول المنزل",
      "Audio_URL": "http://server12.mp3quran.net/hm/ar_7esn_AlMoslem_by_Doors_012.mp3",
      "Text": "http://www.mp3quran.net/api/husn/ar/11.json"
    },
    {
      "ID": 12,
      "Title": "دعاء الذهاب إلى المسجد",
      "Audio_URL": "http://server12.mp3quran.net/hm/ar_7esn_AlMoslem_by_Doors_013.mp3",
      "Text": "http://www.mp3quran.net/api/husn/ar/12.json"
    },
    {
      "ID": 13,
      "Title": "دعاء دخول المسجد",
      "Audio_URL": "http://server12.mp3quran.net/hm/ar_7esn_AlMoslem_by_Doors_014.mp3",
      "Text": "http://www.mp3quran.net/api/husn/ar/13.json"
    },
    {
      "ID": 14,
      "Title": "دعاء الخروج من المسجد",
      "Audio_URL": "http://server12.mp3quran.net/hm/ar_7esn_AlMoslem_by_Doors_015.mp3",
      "Text": "http://www.mp3quran.net/api/husn/ar/14.json"
    },
    {
      "ID": 15,
      "Title": "أذكار الآذان",
      "Audio_URL": "http://server12.mp3quran.net/hm/ar_7esn_AlMoslem_by_Doors_016.mp3",
      "Text": "http://www.mp3quran.net/api/husn/ar/15.json"
    },
    {
      "ID": 2,
      "Title": "دعاء ُلبْس الثوب",
      "Audio_URL": "http://server12.mp3quran.net/hm/ar_7esn_AlMoslem_by_Doors_003.mp3",
      "Text": "http://www.mp3quran.net/api/husn/ar/2.json"
    },
    {
      "ID": 3,
      "Title": "دعاء ُلبْس الثوب الجديد",
      "Audio_URL": "http://server12.mp3quran.net/hm/ar_7esn_AlMoslem_by_Doors_004.mp3",
      "Text": "http://www.mp3quran.net/api/husn/ar/3.json"
    },
    {
      "ID": 4,
      "Title": "الدعاء لمن لبس ثوبا جديدا",
      "Audio_URL": "http://server12.mp3quran.net/hm/ar_7esn_AlMoslem_by_Doors_005.mp3",
      "Text": "http://www.mp3quran.net/api/husn/ar/4.json"
    },
    {
      "ID": 5,
      "Title": "ما يقول إذا وضع ثوبه",
      "Audio_URL": "http://server12.mp3quran.net/hm/ar_7esn_AlMoslem_by_Doors_006.mp3",
      "Text": "http://www.mp3quran.net/api/husn/ar/5.json"
    },
    {
      "ID": 16,
      "Title": "دعاء الاستفتاح",
      "Audio_URL": "http://server12.mp3quran.net/hm/ar_7esn_AlMoslem_by_Doors_017.mp3",
      "Text": "http://www.mp3quran.net/api/husn/ar/16.json"
    },
    {
      "ID": 17,
      "Title": "دعاء الركوع",
      "Audio_URL": "http://server12.mp3quran.net/hm/ar_7esn_AlMoslem_by_Doors_018.mp3",
      "Text": "http://www.mp3quran.net/api/husn/ar/17.json"
    },
    {
      "ID": 18,
      "Title": "دعاء الرفع من الركوع",
      "Audio_URL": "http://server12.mp3quran.net/hm/ar_7esn_AlMoslem_by_Doors_019.mp3",
      "Text": "http://www.mp3quran.net/api/husn/ar/18.json"
    },
    {
      "ID": 19,
      "Title": "دعاء السجود",
      "Audio_URL": "http://server12.mp3quran.net/hm/ar_7esn_AlMoslem_by_Doors_020.mp3",
      "Text": "http://www.mp3quran.net/api/husn/ar/19.json"
    },
    {
      "ID": 20,
      "Title": "دعاء الجلسة بين السجدتين",
      "Audio_URL": "http://server12.mp3quran.net/hm/ar_7esn_AlMoslem_by_Doors_021.mp3",
      "Text": "http://www.mp3quran.net/api/husn/ar/20.json"
    },
    {
      "ID": 21,
      "Title": "دعاء سجود التلاوة",
      "Audio_URL": "http://server12.mp3quran.net/hm/ar_7esn_AlMoslem_by_Doors_022.mp3",
      "Text": "http://www.mp3quran.net/api/husn/ar/21.json"
    },
    {
      "ID": 22,
      "Title": "التشهد",
      "Audio_URL": "http://server12.mp3quran.net/hm/ar_7esn_AlMoslem_by_Doors_023.mp3",
      "Text": "http://www.mp3quran.net/api/husn/ar/22.json"
    },
    {
      "ID": 23,
      "Title": "الصلاة على النبي بعد التشهد",
      "Audio_URL": "http://server12.mp3quran.net/hm/ar_7esn_AlMoslem_by_Doors_024.mp3",
      "Text": "http://www.mp3quran.net/api/husn/ar/23.json"
    },
    {
      "ID": 24,
      "Title": "الدعاء بعد التشهد الأخير قبل السلام",
      "Audio_URL": "http://server12.mp3quran.net/hm/ar_7esn_AlMoslem_by_Doors_025.mp3",
      "Text": "http://www.mp3quran.net/api/husn/ar/24.json"
    },
    {
      "ID": 25,
      "Title": "الأذكار بعد السلام من الصلاة",
      "Audio_URL": "http://server12.mp3quran.net/hm/ar_7esn_AlMoslem_by_Doors_026.mp3",
      "Text": "http://www.mp3quran.net/api/husn/ar/25.json"
    },
    {
      "ID": 26,
      "Title": "دعاء صلاة الاستخارة",
      "Audio_URL": "http://server12.mp3quran.net/hm/ar_7esn_AlMoslem_by_Doors_027.mp3",
      "Text": "http://www.mp3quran.net/api/husn/ar/26.json"
    },
    {
      "ID": 29,
      "Title": "الدعاء إذا تقلب ليلا",
      "Audio_URL": "http://server12.mp3quran.net/hm/ar_7esn_AlMoslem_by_Doors_030.mp3",
      "Text": "http://www.mp3quran.net/api/husn/ar/29.json"
    },
    {
      "ID": 30,
      "Title": "دعاء الفزع في النوم و من بُلِيَ بالوحشة",
      "Audio_URL": "http://server12.mp3quran.net/hm/ar_7esn_AlMoslem_by_Doors_031.mp3",
      "Text": "http://www.mp3quran.net/api/husn/ar/30.json"
    },
    {
      "ID": 31,
      "Title": "ما يفعل من رأى الرؤيا أو الحلم",
      "Audio_URL": "http://server12.mp3quran.net/hm/ar_7esn_AlMoslem_by_Doors_032.mp3",
      "Text": "http://www.mp3quran.net/api/husn/ar/31.json"
    },
    {
      "ID": 32,
      "Title": "دعاء قنوت الوتر",
      "Audio_URL": "http://server12.mp3quran.net/hm/ar_7esn_AlMoslem_by_Doors_033.mp3",
      "Text": "http://www.mp3quran.net/api/husn/ar/32.json"
    },
    {
      "ID": 33,
      "Title": "الذكر عقب السلام من الوتر",
      "Audio_URL": "http://server12.mp3quran.net/hm/ar_7esn_AlMoslem_by_Doors_034.mp3",
      "Text": "http://www.mp3quran.net/api/husn/ar/33.json"
    },
    {
      "ID": 34,
      "Title": "دعاء الهم والحزن",
      "Audio_URL": "http://server12.mp3quran.net/hm/ar_7esn_AlMoslem_by_Doors_035.mp3",
      "Text": "http://www.mp3quran.net/api/husn/ar/34.json"
    },
    {
      "ID": 35,
      "Title": "دعاء الكرب",
      "Audio_URL": "http://server12.mp3quran.net/hm/ar_7esn_AlMoslem_by_Doors_036.mp3",
      "Text": "http://www.mp3quran.net/api/husn/ar/35.json"
    },
    {
      "ID": 36,
      "Title": "دعاء لقاء العدو و ذي السلطان",
      "Audio_URL": "http://server12.mp3quran.net/hm/ar_7esn_AlMoslem_by_Doors_037.mp3",
      "Text": "http://www.mp3quran.net/api/husn/ar/36.json"
    },
    {
      "ID": 37,
      "Title": "دعاء من خاف ظلم السلطان",
      "Audio_URL": "http://server12.mp3quran.net/hm/ar_7esn_AlMoslem_by_Doors_038.mp3",
      "Text": "http://www.mp3quran.net/api/husn/ar/37.json"
    },
    {
      "ID": 38,
      "Title": "الدعاء على العدو",
      "Audio_URL": "http://server12.mp3quran.net/hm/ar_7esn_AlMoslem_by_Doors_039.mp3",
      "Text": "http://www.mp3quran.net/api/husn/ar/38.json"
    },
    {
      "ID": 39,
      "Title": "ما يقول من خاف قوما",
      "Audio_URL": "http://server12.mp3quran.net/hm/ar_7esn_AlMoslem_by_Doors_040.mp3",
      "Text": "http://www.mp3quran.net/api/husn/ar/39.json"
    },
    {
      "ID": 40,
      "Title": "دعاء من أصابه وسوسة في الإيمان",
      "Audio_URL": "http://server12.mp3quran.net/hm/ar_7esn_AlMoslem_by_Doors_041.mp3",
      "Text": "http://www.mp3quran.net/api/husn/ar/40.json"
    },
    {
      "ID": 41,
      "Title": "دعاء قضاء الدين",
      "Audio_URL": "http://server12.mp3quran.net/hm/ar_7esn_AlMoslem_by_Doors_042.mp3",
      "Text": "http://www.mp3quran.net/api/husn/ar/41.json"
    },
    {
      "ID": 42,
      "Title": "دعاء الوسوسة في الصلاة و القراءة",
      "Audio_URL": "http://server12.mp3quran.net/hm/ar_7esn_AlMoslem_by_Doors_043.mp3",
      "Text": "http://www.mp3quran.net/api/husn/ar/42.json"
    },
    {
      "ID": 43,
      "Title": "دعاء من استصعب عليه أمر",
      "Audio_URL": "http://server12.mp3quran.net/hm/ar_7esn_AlMoslem_by_Doors_044.mp3",
      "Text": "http://www.mp3quran.net/api/husn/ar/43.json"
    },
    {
      "ID": 44,
      "Title": "ما يقول ويفعل من أذنب ذنبا",
      "Audio_URL": "http://server12.mp3quran.net/hm/ar_7esn_AlMoslem_by_Doors_045.mp3",
      "Text": "http://www.mp3quran.net/api/husn/ar/44.json"
    },
    {
      "ID": 45,
      "Title": "دعاء طرد الشيطان و وساوسه",
      "Audio_URL": "http://server12.mp3quran.net/hm/ar_7esn_AlMoslem_by_Doors_046.mp3",
      "Text": "http://www.mp3quran.net/api/husn/ar/45.json"
    },
    {
      "ID": 46,
      "Title": "الدعاء حينما يقع ما لا يرضاه أو ُ غلب على أمره",
      "Audio_URL": "http://server12.mp3quran.net/hm/ar_7esn_AlMoslem_by_Doors_047.mp3",
      "Text": "http://www.mp3quran.net/api/husn/ar/46.json"
    },
    {
      "ID": 47,
      "Title": "ﺗﻬنئة المولود له وجوابه",
      "Audio_URL": "http://server12.mp3quran.net/hm/ar_7esn_AlMoslem_by_Doors_048.mp3",
      "Text": "http://www.mp3quran.net/api/husn/ar/47.json"
    },
    {
      "ID": 48,
      "Title": "ما يعوذ به الأولاد",
      "Audio_URL": "http://server12.mp3quran.net/hm/ar_7esn_AlMoslem_by_Doors_049.mp3",
      "Text": "http://www.mp3quran.net/api/husn/ar/48.json"
    },
    {
      "ID": 49,
      "Title": "الدعاء للمريض في عيادته",
      "Audio_URL": "http://server12.mp3quran.net/hm/ar_7esn_AlMoslem_by_Doors_050.mp3",
      "Text": "http://www.mp3quran.net/api/husn/ar/49.json"
    },
    {
      "ID": 50,
      "Title": "فضل عيادة المريض",
      "Audio_URL": "http://server12.mp3quran.net/hm/ar_7esn_AlMoslem_by_Doors_051.mp3",
      "Text": "http://www.mp3quran.net/api/husn/ar/50.json"
    },
    {
      "ID": 51,
      "Title": "دعاء المريض الذي يئس من حياته",
      "Audio_URL": "http://server12.mp3quran.net/hm/ar_7esn_AlMoslem_by_Doors_052.mp3",
      "Text": "http://www.mp3quran.net/api/husn/ar/51.json"
    },
    {
      "ID": 52,
      "Title": "تلقين المحتضر",
      "Audio_URL": "http://server12.mp3quran.net/hm/ar_7esn_AlMoslem_by_Doors_053.mp3",
      "Text": "http://www.mp3quran.net/api/husn/ar/52.json"
    },
    {
      "ID": 53,
      "Title": "دعاء من أصيب بمصيبة",
      "Audio_URL": "http://server12.mp3quran.net/hm/ar_7esn_AlMoslem_by_Doors_054.mp3",
      "Text": "http://www.mp3quran.net/api/husn/ar/53.json"
    },
    {
      "ID": 54,
      "Title": "الدعاء عند إغماض الميت",
      "Audio_URL": "http://server12.mp3quran.net/hm/ar_7esn_AlMoslem_by_Doors_055.mp3",
      "Text": "http://www.mp3quran.net/api/husn/ar/54.json"
    },
    {
      "ID": 55,
      "Title": "الدعاء للميت في الصلاة عليه",
      "Audio_URL": "http://server12.mp3quran.net/hm/ar_7esn_AlMoslem_by_Doors_056.mp3",
      "Text": "http://www.mp3quran.net/api/husn/ar/55.json"
    },
    {
      "ID": 56,
      "Title": "الدعاء للفرط في الصلاة عليه",
      "Audio_URL": "http://server12.mp3quran.net/hm/ar_7esn_AlMoslem_by_Doors_057.mp3",
      "Text": "http://www.mp3quran.net/api/husn/ar/56.json"
    },
    {
      "ID": 57,
      "Title": "دعاء التعزية",
      "Audio_URL": "http://server12.mp3quran.net/hm/ar_7esn_AlMoslem_by_Doors_058.mp3",
      "Text": "http://www.mp3quran.net/api/husn/ar/57.json"
    },
    {
      "ID": 58,
      "Title": "الدعاء عند إدخال الميت القبر",
      "Audio_URL": "http://server12.mp3quran.net/hm/ar_7esn_AlMoslem_by_Doors_059.mp3",
      "Text": "http://www.mp3quran.net/api/husn/ar/58.json"
    },
    {
      "ID": 59,
      "Title": "الدعاء بعد دفن الميت",
      "Audio_URL": "http://server12.mp3quran.net/hm/ar_7esn_AlMoslem_by_Doors_060.mp3",
      "Text": "http://www.mp3quran.net/api/husn/ar/59.json"
    },
    {
      "ID": 60,
      "Title": "دعاء زيارة القبور",
      "Audio_URL": "http://server12.mp3quran.net/hm/ar_7esn_AlMoslem_by_Doors_061.mp3",
      "Text": "http://www.mp3quran.net/api/husn/ar/60.json"
    },
    {
      "ID": 61,
      "Title": "دعاء الريح",
      "Audio_URL": "http://server12.mp3quran.net/hm/ar_7esn_AlMoslem_by_Doors_062.mp3",
      "Text": "http://www.mp3quran.net/api/husn/ar/61.json"
    },
    {
      "ID": 62,
      "Title": "دعاء الرعد",
      "Audio_URL": "http://server12.mp3quran.net/hm/ar_7esn_AlMoslem_by_Doors_063.mp3",
      "Text": "http://www.mp3quran.net/api/husn/ar/62.json"
    },
    {
      "ID": 63,
      "Title": "من أدعية الاستسقاء",
      "Audio_URL": "http://server12.mp3quran.net/hm/ar_7esn_AlMoslem_by_Doors_064.mp3",
      "Text": "http://www.mp3quran.net/api/husn/ar/63.json"
    },
    {
      "ID": 64,
      "Title": "الدعاء إذا نزل المطر",
      "Audio_URL": "http://server12.mp3quran.net/hm/ar_7esn_AlMoslem_by_Doors_065.mp3",
      "Text": "http://www.mp3quran.net/api/husn/ar/64.json"
    },
    {
      "ID": 65,
      "Title": "الذكر بعد نزول المطر",
      "Audio_URL": "http://server12.mp3quran.net/hm/ar_7esn_AlMoslem_by_Doors_066.mp3",
      "Text": "http://www.mp3quran.net/api/husn/ar/65.json"
    },
    {
      "ID": 66,
      "Title": "من أدعية الاستصحاء",
      "Audio_URL": "http://server12.mp3quran.net/hm/ar_7esn_AlMoslem_by_Doors_067.mp3",
      "Text": "http://www.mp3quran.net/api/husn/ar/66.json"
    },
    {
      "ID": 67,
      "Title": "دعاء رؤية الهلال",
      "Audio_URL": "http://server12.mp3quran.net/hm/ar_7esn_AlMoslem_by_Doors_068.mp3",
      "Text": "http://www.mp3quran.net/api/husn/ar/67.json"
    },
    {
      "ID": 68,
      "Title": "الدعاء عند إفطار الصائم",
      "Audio_URL": "http://server12.mp3quran.net/hm/ar_7esn_AlMoslem_by_Doors_069.mp3",
      "Text": "http://www.mp3quran.net/api/husn/ar/68.json"
    },
    {
      "ID": 69,
      "Title": "الدعاء قبل الطعام",
      "Audio_URL": "http://server12.mp3quran.net/hm/ar_7esn_AlMoslem_by_Doors_070.mp3",
      "Text": "http://www.mp3quran.net/api/husn/ar/69.json"
    },
    {
      "ID": 70,
      "Title": "الدعاء عند الفراغ من الطعام",
      "Audio_URL": "http://server12.mp3quran.net/hm/ar_7esn_AlMoslem_by_Doors_071.mp3",
      "Text": "http://www.mp3quran.net/api/husn/ar/70.json"
    },
    {
      "ID": 71,
      "Title": "دعاء الضيف لصاحب الطعام",
      "Audio_URL": "http://server12.mp3quran.net/hm/ar_7esn_AlMoslem_by_Doors_072.mp3",
      "Text": "http://www.mp3quran.net/api/husn/ar/71.json"
    },
    {
      "ID": 72,
      "Title": "التعريض بالدعاء لطلب الطعام أو الشراب",
      "Audio_URL": "http://server12.mp3quran.net/hm/ar_7esn_AlMoslem_by_Doors_073.mp3",
      "Text": "http://www.mp3quran.net/api/husn/ar/72.json"
    },
    {
      "ID": 73,
      "Title": "الدعاء إذا أفطر عند أهل بيت",
      "Audio_URL": "http://server12.mp3quran.net/hm/ar_7esn_AlMoslem_by_Doors_074.mp3",
      "Text": "http://www.mp3quran.net/api/husn/ar/73.json"
    },
    {
      "ID": 74,
      "Title": "دعاء الصائم إذا حضر الطعام ولم يفطر",
      "Audio_URL": "http://server12.mp3quran.net/hm/ar_7esn_AlMoslem_by_Doors_075.mp3",
      "Text": "http://www.mp3quran.net/api/husn/ar/74.json"
    },
    {
      "ID": 75,
      "Title": "ما يقول الصائم إذا سابه أحد",
      "Audio_URL": "http://server12.mp3quran.net/hm/ar_7esn_AlMoslem_by_Doors_076.mp3",
      "Text": "http://www.mp3quran.net/api/husn/ar/75.json"
    },
    {
      "ID": 76,
      "Title": "الدعاء عند رؤية باكورة الثمر",
      "Audio_URL": "http://server12.mp3quran.net/hm/ar_7esn_AlMoslem_by_Doors_077.mp3",
      "Text": "http://www.mp3quran.net/api/husn/ar/76.json"
    },
    {
      "ID": 77,
      "Title": "دعاء العطاس",
      "Audio_URL": "http://server12.mp3quran.net/hm/ar_7esn_AlMoslem_by_Doors_078.mp3",
      "Text": "http://www.mp3quran.net/api/husn/ar/77.json"
    },
    {
      "ID": 78,
      "Title": "ما يقال للكافر إذا عطس فحمد الله",
      "Audio_URL": "http://server12.mp3quran.net/hm/ar_7esn_AlMoslem_by_Doors_079.mp3",
      "Text": "http://www.mp3quran.net/api/husn/ar/78.json"
    },
    {
      "ID": 79,
      "Title": "الدعاء للمتزوج",
      "Audio_URL": "http://server12.mp3quran.net/hm/ar_7esn_AlMoslem_by_Doors_080.mp3",
      "Text": "http://www.mp3quran.net/api/husn/ar/79.json"
    },
    {
      "ID": 80,
      "Title": "دعاء المتزوج و شراء الدابة",
      "Audio_URL": "http://server12.mp3quran.net/hm/ar_7esn_AlMoslem_by_Doors_081.mp3",
      "Text": "http://www.mp3quran.net/api/husn/ar/80.json"
    },
    {
      "ID": 81,
      "Title": "الدعاء قبل إتيان الزوجة",
      "Audio_URL": "http://server12.mp3quran.net/hm/ar_7esn_AlMoslem_by_Doors_082.mp3",
      "Text": "http://www.mp3quran.net/api/husn/ar/81.json"
    },
    {
      "ID": 82,
      "Title": "دعاء الغضب",
      "Audio_URL": "http://server12.mp3quran.net/hm/ar_7esn_AlMoslem_by_Doors_083.mp3",
      "Text": "http://www.mp3quran.net/api/husn/ar/82.json"
    },
    {
      "ID": 83,
      "Title": "دعاء من رأى مبتلى",
      "Audio_URL": "http://server12.mp3quran.net/hm/ar_7esn_AlMoslem_by_Doors_084.mp3",
      "Text": "http://www.mp3quran.net/api/husn/ar/83.json"
    },
    {
      "ID": 84,
      "Title": "ما يقال في اﻟﻤﺠلس",
      "Audio_URL": "http://server12.mp3quran.net/hm/ar_7esn_AlMoslem_by_Doors_085.mp3",
      "Text": "http://www.mp3quran.net/api/husn/ar/84.json"
    },
    {
      "ID": 85,
      "Title": "كفارة اﻟﻤﺠلس",
      "Audio_URL": "http://server12.mp3quran.net/hm/ar_7esn_AlMoslem_by_Doors_086.mp3",
      "Text": "http://www.mp3quran.net/api/husn/ar/85.json"
    },
    {
      "ID": 86,
      "Title": "الدعاء لمن قال غفر الله لك",
      "Audio_URL": "http://server12.mp3quran.net/hm/ar_7esn_AlMoslem_by_Doors_087.mp3",
      "Text": "http://www.mp3quran.net/api/husn/ar/87.json"
    },
    {
      "ID": 87,
      "Title": "الدعاء لمن صنع إليك معروفا",
      "Audio_URL": "http://server12.mp3quran.net/hm/ar_7esn_AlMoslem_by_Doors_088.mp3",
      "Text": "http://www.mp3quran.net/api/husn/ar/87.json"
    },
    {
      "ID": 88,
      "Title": "ما يعصم الله به من الدجال",
      "Audio_URL": "http://server12.mp3quran.net/hm/ar_7esn_AlMoslem_by_Doors_089.mp3",
      "Text": "http://www.mp3quran.net/api/husn/ar/88.json"
    },
    {
      "ID": 89,
      "Title": "الدعاء لمن قال إني أحبك في الله",
      "Audio_URL": "http://server12.mp3quran.net/hm/ar_7esn_AlMoslem_by_Doors_090.mp3",
      "Text": "http://www.mp3quran.net/api/husn/ar/89.json"
    },
    {
      "ID": 90,
      "Title": "الدعاء لمن عرض عليك ماله",
      "Audio_URL": "http://server12.mp3quran.net/hm/ar_7esn_AlMoslem_by_Doors_091.mp3",
      "Text": "http://www.mp3quran.net/api/husn/ar/90.json"
    },
    {
      "ID": 91,
      "Title": "الدعاء لمن أقرض عند القضاء",
      "Audio_URL": "http://server12.mp3quran.net/hm/ar_7esn_AlMoslem_by_Doors_091.mp3",
      "Text": "http://www.mp3quran.net/api/husn/ar/91.json"
    },
    {
      "ID": 92,
      "Title": "دعاء الخوف من الشرك",
      "Audio_URL": "http://server12.mp3quran.net/hm/ar_7esn_AlMoslem_by_Doors_092.mp3",
      "Text": "http://www.mp3quran.net/api/husn/ar/92.json"
    },
    {
      "ID": 93,
      "Title": "الدعاء لمن قال بارك الله فيك",
      "Audio_URL": "http://server12.mp3quran.net/hm/ar_7esn_AlMoslem_by_Doors_094.mp3",
      "Text": "http://www.mp3quran.net/api/husn/ar/93.json"
    },
    {
      "ID": 94,
      "Title": "دعاء كراهية الطيرة",
      "Audio_URL": "http://server12.mp3quran.net/hm/ar_7esn_AlMoslem_by_Doors_095.mp3",
      "Text": "http://www.mp3quran.net/api/husn/ar/94.json"
    },
    {
      "ID": 95,
      "Title": "دعاء الركوب",
      "Audio_URL": "http://server12.mp3quran.net/hm/ar_7esn_AlMoslem_by_Doors_096.mp3",
      "Text": "http://www.mp3quran.net/api/husn/ar/95.json"
    },
    {
      "ID": 96,
      "Title": "دعاء السفر",
      "Audio_URL": "http://server12.mp3quran.net/hm/ar_7esn_AlMoslem_by_Doors_097.mp3",
      "Text": "http://www.mp3quran.net/api/husn/ar/96.json"
    },
    {
      "ID": 97,
      "Title": "دعاء دخول القرية أو البلدة",
      "Audio_URL": "http://server12.mp3quran.net/hm/ar_7esn_AlMoslem_by_Doors_098.mp3",
      "Text": "http://www.mp3quran.net/api/husn/ar/97.json"
    },
    {
      "ID": 98,
      "Title": "دعاء دخول السوق",
      "Audio_URL": "http://server12.mp3quran.net/hm/ar_7esn_AlMoslem_by_Doors_099.mp3",
      "Text": "http://www.mp3quran.net/api/husn/ar/98.json"
    },
    {
      "ID": 99,
      "Title": "الدعاء إذا تعس المركوب",
      "Audio_URL": "http://server12.mp3quran.net/hm/ar_7esn_AlMoslem_by_Doors_100.mp3",
      "Text": "http://www.mp3quran.net/api/husn/ar/99.json"
    },
    {
      "ID": 100,
      "Title": "دعاء المسافر للمقيم",
      "Audio_URL": "http://server12.mp3quran.net/hm/ar_7esn_AlMoslem_by_Doors_101.mp3",
      "Text": "http://www.mp3quran.net/api/husn/ar/100.json"
    },
    {
      "ID": 101,
      "Title": "دعاء المقيم للمسافر",
      "Audio_URL": "http://server12.mp3quran.net/hm/ar_7esn_AlMoslem_by_Doors_102.mp3",
      "Text": "http://www.mp3quran.net/api/husn/ar/101.json"
    },
    {
      "ID": 102,
      "Title": "التكبير و التسبيح في سير السفر",
      "Audio_URL": "http://server12.mp3quran.net/hm/ar_7esn_AlMoslem_by_Doors_103.mp3",
      "Text": "http://www.mp3quran.net/api/husn/ar/102.json"
    },
    {
      "ID": 103,
      "Title": "دعاء المسافر إذا أسحر",
      "Audio_URL": "http://server12.mp3quran.net/hm/ar_7esn_AlMoslem_by_Doors_104.mp3",
      "Text": "http://www.mp3quran.net/api/husn/ar/103.json"
    },
    {
      "ID": 104,
      "Title": "الدعاء إذا نزل مترلا في سفر أو غيره",
      "Audio_URL": "http://server12.mp3quran.net/hm/ar_7esn_AlMoslem_by_Doors_105.mp3",
      "Text": "http://www.mp3quran.net/api/husn/ar/104.json"
    },
    {
      "ID": 105,
      "Title": "ذكر الرجوع من السفر",
      "Audio_URL": "http://server12.mp3quran.net/hm/ar_7esn_AlMoslem_by_Doors_106.mp3",
      "Text": "http://www.mp3quran.net/api/husn/ar/105.json"
    },
    {
      "ID": 106,
      "Title": "ما يقول من أتاه أمر يسره أو يكرهه",
      "Audio_URL": "http://server12.mp3quran.net/hm/ar_7esn_AlMoslem_by_Doors_107.mp3",
      "Text": "http://www.mp3quran.net/api/husn/ar/106.json"
    },
    {
      "ID": 107,
      "Title": "فضل الصلاة على النبي صلى الله عليه و سلم",
      "Audio_URL": "http://server12.mp3quran.net/hm/ar_7esn_AlMoslem_by_Doors_108.mp3",
      "Text": "http://www.mp3quran.net/api/husn/ar/107.json"
    },
    {
      "ID": 108,
      "Title": "إفشاء السلام",
      "Audio_URL": "http://server12.mp3quran.net/hm/ar_7esn_AlMoslem_by_Doors_109.mp3",
      "Text": "http://www.mp3quran.net/api/husn/ar/108.json"
    },
    {
      "ID": 109,
      "Title": "كيف يرد السلام على الكافر إذا سلم",
      "Audio_URL": "http://server12.mp3quran.net/hm/ar_7esn_AlMoslem_by_Doors_110.mp3",
      "Text": "http://www.mp3quran.net/api/husn/ar/109.json"
    },
    {
      "ID": 110,
      "Title": "الدُّعاءُ عِنْدَ سَمَاعِ صِياحِ الدِّيكِ ونَهِيقِ الْحِمَارِ",
      "Audio_URL": "http://server12.mp3quran.net/hm/ar_7esn_AlMoslem_by_Doors_111.mp3",
      "Text": "http://www.mp3quran.net/api/husn/ar/110.json"
    },
    {
      "ID": 111,
      "Title": "دعاء نباح الكلاب بالليل",
      "Audio_URL": "http://server12.mp3quran.net/hm/ar_7esn_AlMoslem_by_Doors_112.mp3",
      "Text": "http://www.mp3quran.net/api/husn/ar/111.json"
    },
    {
      "ID": 112,
      "Title": "الدعاء لمن سببته",
      "Audio_URL": "http://server12.mp3quran.net/hm/ar_7esn_AlMoslem_by_Doors_113.mp3",
      "Text": "http://www.mp3quran.net/api/husn/ar/112.json"
    },
    {
      "ID": 113,
      "Title": "ما يقول المسلم إذا مدح المسلم",
      "Audio_URL": "http://server12.mp3quran.net/hm/ar_7esn_AlMoslem_by_Doors_114.mp3",
      "Text": "http://www.mp3quran.net/api/husn/ar/113.json"
    },
    {
      "ID": 114,
      "Title": "ما يقول المسلم إذا زكي ",
      "Audio_URL": "http://server12.mp3quran.net/hm/ar_7esn_AlMoslem_by_Doors_115.mp3",
      "Text": "http://www.mp3quran.net/api/husn/ar/114.json"
    },
    {
      "ID": 115,
      "Title": "كيف يلبي المحرم في الحج أو العمرة ؟",
      "Audio_URL": "http://server12.mp3quran.net/hm/ar_7esn_AlMoslem_by_Doors_116.mp3",
      "Text": "http://www.mp3quran.net/api/husn/ar/115.json"
    },
    {
      "ID": 116,
      "Title": "التكبير إذا أتى الركن الأسود",
      "Audio_URL": "http://server12.mp3quran.net/hm/ar_7esn_AlMoslem_by_Doors_117.mp3",
      "Text": "http://www.mp3quran.net/api/husn/ar/116.json"
    },
    {
      "ID": 117,
      "Title": "الدعاء بين الركن اليماني والحجر الأسود",
      "Audio_URL": "http://server12.mp3quran.net/hm/ar_7esn_AlMoslem_by_Doors_118.mp3",
      "Text": "http://www.mp3quran.net/api/husn/ar/117.json"
    },
    {
      "ID": 118,
      "Title": "دعاء الوقوف على الصفا والمروة",
      "Audio_URL": "http://server12.mp3quran.net/hm/ar_7esn_AlMoslem_by_Doors_119.mp3",
      "Text": "http://www.mp3quran.net/api/husn/ar/118.json"
    },
    {
      "ID": 119,
      "Title": "الدعاء يوم عرفة",
      "Audio_URL": "http://server12.mp3quran.net/hm/ar_7esn_AlMoslem_by_Doors_120.mp3",
      "Text": "http://www.mp3quran.net/api/husn/ar/119.json"
    },
    {
      "ID": 120,
      "Title": "الذكر عند المشعر الحرام",
      "Audio_URL": "http://server12.mp3quran.net/hm/ar_7esn_AlMoslem_by_Doors_121.mp3",
      "Text": "http://www.mp3quran.net/api/husn/ar/120.json"
    },
    {
      "ID": 121,
      "Title": "التكبير عند رمي الجمار مع كل حصاة",
      "Audio_URL": "http://server12.mp3quran.net/hm/ar_7esn_AlMoslem_by_Doors_122.mp3",
      "Text": "http://www.mp3quran.net/api/husn/ar/121.json"
    },
    {
      "ID": 122,
      "Title": "دعاء التعجب والأمر السار",
      "Audio_URL": "http://server12.mp3quran.net/hm/ar_7esn_AlMoslem_by_Doors_123.mp3",
      "Text": "http://www.mp3quran.net/api/husn/ar/122.json"
    },
    {
      "ID": 123,
      "Title": "ما يفعل من أتاه أمر يسره",
      "Audio_URL": "http://server12.mp3quran.net/hm/ar_7esn_AlMoslem_by_Doors_124.mp3",
      "Text": "http://www.mp3quran.net/api/husn/ar/123.json"
    },
    {
      "ID": 124,
      "Title": "ما يقول من أحس وجعا في جسده",
      "Audio_URL": "http://server12.mp3quran.net/hm/ar_7esn_AlMoslem_by_Doors_125.mp3",
      "Text": "http://www.mp3quran.net/api/husn/ar/124.json"
    },
    {
      "ID": 125,
      "Title": "دعاء من خشي أن يصيب شيئا بعينه",
      "Audio_URL": "http://server12.mp3quran.net/hm/ar_7esn_AlMoslem_by_Doors_126.mp3",
      "Text": "http://www.mp3quran.net/api/husn/ar/125.json"
    },
    {
      "ID": 126,
      "Title": "ما يقال عند الفزع",
      "Audio_URL": "http://server12.mp3quran.net/hm/ar_7esn_AlMoslem_by_Doors_127.mp3",
      "Text": "http://www.mp3quran.net/api/husn/ar/126.json"
    },
    {
      "ID": 127,
      "Title": "ما يقول عند الذبح أو النحر",
      "Audio_URL": "http://server12.mp3quran.net/hm/ar_7esn_AlMoslem_by_Doors_128.mp3",
      "Text": "http://www.mp3quran.net/api/husn/ar/127.json"
    },
    {
      "ID": 128,
      "Title": "ما يقول لرد كيد مردة الشياطين",
      "Audio_URL": "http://server12.mp3quran.net/hm/ar_7esn_AlMoslem_by_Doors_129.mp3",
      "Text": "http://www.mp3quran.net/api/husn/ar/128.json"
    },
    {
      "ID": 129,
      "Title": "الاستغفار و التوبة",
      "Audio_URL": "http://server12.mp3quran.net/hm/ar_7esn_AlMoslem_by_Doors_130.mp3",
      "Text": "http://www.mp3quran.net/api/husn/ar/129.json"
    },
    {
      "ID": 130,
      "Title": "فضل التسبيح و التحميد، و التهليل، و التكبير",
      "Audio_URL": "http://server12.mp3quran.net/hm/ar_7esn_AlMoslem_by_Doors_131.mp3",
      "Text": "http://www.mp3quran.net/api/husn/ar/130.json"
    },
    {
      "ID": 131,
      "Title": "كيف كان النبي يسبح؟",
      "Audio_URL": "http://server12.mp3quran.net/hm/ar_7esn_AlMoslem_by_Doors_132.mp3",
      "Text": "http://www.mp3quran.net/api/husn/ar/131.json"
    },
    {
      "ID": 132,
      "Title": "من أنواع الخير والآداب الجامعة",
      "Audio_URL": "http://server12.mp3quran.net/hm/ar_7esn_AlMoslem_by_Doors_133.mp3",
      "Text": "http://www.mp3quran.net/api/husn/ar/132.json"
    }
  ]
}